# Time,Input,Output,Transfer Function (Amplitude)
0.0,0.0,0.0,1.0
0.05,0.31415847395309826,0.0,1.0
0.1,0.44998709897354383,0.03141584739530983,1.0
0.15000000000000002,0.3771611314063835,0.07319443293464495,1.0
0.2,0.2291683170986119,0.10332957708099391,1.0
0.25,0.17531353314268655,0.11539360143922835,1.0
0.30000000000000004,0.26786110863352797,0.12057726096244872,1.0
0.35000000000000003,0.4041384816612853,0.1341958689300251,1.0
0.4,0.43592949257174124,0.1597448637312945,1.0
0.45,0.32188320762656214,0.18551869798415432,1.0
0.5,0.17883646149370136,0.19684672357224986,1.0
0.55,0.18158112250644015,0.19224515517931914,1.0
0.6000000000000001,0.40144479015516377,0.18789759683900706,1.0
0.65,0.7322438107189309,0.20550141710550104,1.0
0.7000000000000001,0.9737364781204233,0.2539110038589586,1.0
0.75,0.9992963234097052,0.32099412116757225,1.0
0.8,0.8576470768911861,0.3831224259713338,1.0
0.8500000000000001,0.7186983292890794,0.4239151695779389,1.0
0.9,0.7155531573214995,0.44567397613972803,1.0
0.9500000000000001,0.8283607226296024,0.46382819990823093,1.0
1.0,0.915255812775548,0.4902881873309232,1.0
1.05,0.8588152013068943,0.5215659645576135,1.0
1.1,0.6894390568932138,0.5427679880033754,1.0
1.1500000000000001,0.5684294244878011,0.5435552746931847,1.0
1.2000000000000002,0.6436088299658151,0.5308039812867388,1.0
1.25,0.9092498898657915,0.525518747815522,1.0
1.3,1.2001032828784417,0.5460123468118857,1.0
1.35,1.327755428817884,0.5921768943428484,1.0
1.4000000000000001,1.2377523587890076,0.6450097594788019,1.0
1.4500000000000002,1.046965225299931,0.6819465066995753,1.0
1.5,0.9299462298169054,0.6944059995826148,1.0
1.55,0.9602697315123033,0.6921816286300914,1.0
1.6,1.05227827595683,0.6914815908707849,1.0
1.6500000000000001,1.0544903320015477,0.6983237073546846,1.0
1.7000000000000002,0.9052018493005619,0.7029570085262795,1.0
1.75,0.7032242118810752,0.6904407387893006,1.0
1.8,0.6252944108352367,0.6572522304370976,1.0
1.85,0.7640714526099774,0.6179464622394384,1.0
1.9000000000000001,1.035549245361882,0.5949041088834206,1.0
1.9500000000000002,1.2428267662046069,0.5998265098659864,1.0
2.0,1.2409091090670772,0.6234848565599033,1.0
2.0500000000000003,1.0550037937281918,0.6430268907292757,1.0
2.1,0.8472361847729581,0.6404166227209991,1.0
2.15,0.7648716428916174,0.6156895790612243,1.0
2.2,0.8102665269825919,0.5836595616316399,1.0
2.25,0.850818999302643,0.5579128854500323,1.0
2.3000000000000003,0.7568188008714467,0.5374013419049654,1.0
2.35,0.5365715717440099,0.5081974295165231,1.0
2.4000000000000004,0.34069657588509183,0.4586186918803902,1.0
2.45,0.32874266560958443,0.3932637816922777,1.0
2.5,0.5195268233436161,0.3322658120411951,1.0
2.5500000000000003,0.7635412233645269,0.29561539059852093,1.0
2.6,0.8653385803254818,0.2862924128257089,1.0
2.6500000000000004,0.7470870999470314,0.2873657374942093,1.0
2.7,0.5068972561444072,0.27578816731427913,1.0
2.75,0.3215579637116273,0.24065989935379384,1.0
2.8000000000000003,0.28485910740009657,0.1899088791976946,1.0
2.85,0.3299598353547501,0.140088303228058,1.0
2.9000000000000004,0.30509708198829555,0.09940963689278025,1.0
2.95,0.1295639671202639,0.06006403776215287,1.0
3.0,-0.1174484409791485,0.006949526963379672,1.0
3.0500000000000003,-0.26038435966069884,-0.06557214738286589,1.0
3.1,-0.1870630059611671,-0.14497131579418476,1.0
3.1500000000000004,0.0418587838317638,-0.20873600370493312,1.0
3.2,0.2359164004601162,-0.24271020383605124,1.0
3.25,0.23394468607707847,-0.25327444678163213,1.0
3.3000000000000003,0.03692644707341143,-0.2623462507540047,1.0
3.35,-0.20377796743462892,-0.28955683260262166,1.0
3.4000000000000004,-0.32931010094068514,-0.3373929056356744,1.0
3.45,-0.3150009798440819,-0.3921551024519383,1.0
3.5,-0.2816416252772722,-0.43902977972078566,1.0
3.5500000000000003,-0.3687409898774666,-0.47678347935676535,1.0
3.6,-0.5901115414310684,-0.5182797867907746,1.0
3.6500000000000004,-0.8084844176041024,-0.5764678191697661,1.0
3.7,-0.8555730196735428,-0.6492331663802375,1.0
3.75,-0.6886774057515223,-0.7178077561606553,1.0
3.8000000000000003,-0.43936264782120615,-0.7610408061804275,1.0
3.85,-0.3071261867946923,-0.7731164733897398,1.0
3.9000000000000004,-0.3922113907296495,-0.7688281365919951,1.0
3.95,-0.6172815666890181,-0.7715550835260407,1.0
4.0,-0.8065575939967335,-0.7945874656538034,1.0
4.05,-0.8476726179114017,-0.832257743635427,1.0
4.1000000000000005,-0.7873558883387343,-0.8681918518512665,1.0
4.15,-0.7748228394505035,-0.892330396658627,1.0
4.2,-0.9082420179820565,-0.9105709561047819,1.0
4.25,-1.1294217828422197,-0.9380529500692146,1.0
4.3,-1.2672125746759866,-0.9825595887480474,1.0
4.3500000000000005,-1.1921792480813767,-1.0339382437705034,1.0
4.4,-0.9409820283217013,-1.0700908550218264,1.0
4.45,-0.6947821159476226,-1.0748332560344953,1.0
4.5,-0.6285500800381617,-1.051794342568403,1.0
4.55,-0.7659281816706511,-1.021806631001553,1.0
4.6000000000000005,-0.9692265480268659,-1.006000984177133,1.0
4.65,-1.0708715501302117,-1.0095907362103336,1.0
4.7,-1.024259030108587,-1.020462036410023,1.0
4.75,-0.9361015158549921,-1.023033799496556,1.0
4.800000000000001,-0.9530979920137064,-1.0139750503503346,1.0
4.8500000000000005,-1.1108466758818312,-1.004986886108731,1.0
4.9,-1.2878795175743114,-1.0101599394628284,1.0
4.95,-1.3103214270858305,-1.0299935718021072,1.0
5.0,-1.112672373625876,-1.0475130479291046,1.0
5.050000000000001,-0.8066687588691354,-1.040896888477584,1.0
5.1000000000000005,-0.5928034888873744,-1.0017397412743474,1.0
5.15,-0.5923710926352108,-0.9426074324400726,1.0
5.2,-0.7504536179445622,-0.8869885962829087,1.0
5.25,-0.8955005047372654,-0.850522424781689,1.0
5.300000000000001,-0.8985109122037038,-0.8300812530479075,1.0
5.3500000000000005,-0.7851220492914822,-0.8099100361015281,1.0
5.4,-0.6991585962427533,-0.7783922794683107,1.0
5.45,-0.7543239568291636,-0.7394839724948713,1.0
5.5,-0.9143398958591301,-0.7081343223461798,1.0
5.550000000000001,-1.0155020618505355,-0.6941508953094886,1.0
5.6000000000000005,-0.9135759591630673,-0.6899466503373333,1.0
5.65,-0.6208816727846685,-0.6742453529678034,1.0
5.7,-0.3064565138118105,-0.6291591433149671,1.0
5.75,-0.15635406639261729,-0.5555661408718413,1.0
5.800000000000001,-0.21869537112399456,-0.4729332785789291,1.0
5.8500000000000005,-0.3720104614738636,-0.40361549979199846,1.0
5.9,-0.44291949721122514,-0.35555196916926785,1.0
5.95,-0.3635127110871804,-0.31849681525962326,1.0
6.0,-0.22425538557690633,-0.2764102560903896,1.0
6.050000000000001,-0.17613626172816652,-0.22391559464682595,1.0
6.1000000000000005,-0.27564342749449766,-0.1712986979761276,1.0
6.15,-0.41909033169365684,-0.13346596080419187,1.0
6.2,-0.4300629395251768,-0.11342752286735516,1.0
6.25,-0.22154641946820047,-0.09620662070018574,1.0
6.300000000000001,0.11628320567967249,-0.059615640192285144,1.0
6.3500000000000005,0.38519749374043,0.0072482438800933885,1.0
6.4,0.4447619545901982,0.0942990477416096,1.0
6.45,0.3264004617295091,0.17836546968259698,1.0
6.5,0.19446453394848387,0.24174318646921023,1.0
6.550000000000001,0.1925306429897371,0.2849851808328866,1.0
6.6000000000000005,0.316847850137797,0.32299712371223843,1.0
6.65,0.43192553478355,0.3688321002091805,1.0
6.7,0.4109308881135235,0.4206692672704807,1.0
6.75,0.2679135149944909,0.4641715797904721,1.0
6.800000000000001,0.1564411736561729,0.4878614947970848,1.0
6.8500000000000005,0.23304673777865303,0.4968155304322117,1.0
6.9,0.5098723497313905,0.5112926800899935,1.0
6.95,0.8328068677872973,0.5507264442770459,1.0
7.0,1.0078126669184293,0.617133467740291,1.0
7.050000000000001,0.9630356914029546,0.6928575351009741,1.0
7.1000000000000005,0.8016209693432701,0.7547993543362891,1.0
7.15,0.6998971384283827,0.7925185210562634,1.0
7.2,0.7462282176218664,0.8143120917101108,1.0
7.25,0.868435175962912,0.8365236329886465,1.0
7.300000000000001,0.9143760638754581,0.8666434068909616,1.0
7.3500000000000005,0.8081009463308716,0.8961786836770725,1.0
7.4,0.6340121648531221,0.9098924743209209,1.0
7.45,0.5681291462093632,0.9025512765668073,1.0
7.5,0.7174683637670198,0.8870995185323121,1.0
7.550000000000001,1.0149023821406957,0.8859091092607013,1.0
7.6000000000000005,1.267805304160895,0.9123663699804675,1.0
7.65,1.3189502353811713,0.9591872809053257,1.0
7.7,1.1756881981419351,1.0040426256574624,1.0
7.75,0.9923986305877123,1.0275761256463183,1.0
7.800000000000001,0.9249821128091559,1.0278583785667506,1.0
7.8500000000000005,0.9920435287643083,1.0188011084708668,1.0
7.9,1.0692836274037614,1.0148087042089096,1.0
7.95,1.0194383461379934,1.0164025284765712,1.0
8.0,0.8344655675145076,1.0103114358696983,1.0
8.05,0.6553399155096415,0.9838063960714899,1.0
8.1,0.6482221418315196,0.9395797790624372,1.0
8.15,0.8494404065900603,0.8967150969388213,1.0
8.200000000000001,1.1223628687710385,0.876016921761074,1.0
8.25,1.2682004379599516,0.8824907680147966,1.0
8.3,1.1925030387219817,0.9006947596420014,1.0
8.35,0.9782655941722082,0.9072568752835837,1.0
8.4,0.8018023143481231,0.8894708927178214,1.0
8.450000000000001,0.7706601746679977,0.8535935031944323,1.0
8.5,0.8326018797331789,0.8160556548973834,1.0
8.55,0.8374280912382999,0.7864256227993142,1.0
8.6,0.691437236509766,0.7582751510045656,1.0
8.65,0.45852214934942115,0.7164449530389271,1.0
8.700000000000001,0.3113132679057745,0.6537151537712206,1.0
8.75,0.37488500639806244,0.580903158401492,1.0
8.8,0.6061473006545629,0.5202772785219613,1.0
8.85,0.8212044028218641,0.48753952285972885,1.0
8.9,0.848549804781229,0.47836240417330045,1.0
8.950000000000001,0.6711601749051637,0.4716416315410182,1.0
9.0,0.43068729081510204,0.446674869105505,1.0
9.05,0.2927232203622748,0.3990408073317733,1.0
9.1,0.2981396515195452,0.34137614267180255,1.0
9.15,0.3363268430744683,0.2891661472368764,1.0
9.200000000000001,0.26231357683520784,0.245272955132843,1.0
9.25,0.046337861974271866,0.19775457322745477,1.0
9.3,-0.1856067922579844,0.13289607159344313,1.0
9.35,-0.2607284032361056,0.05099671452062343,1.0
9.4,-0.11937970544258478,-0.03035235972902798,1.0
9.450000000000001,0.12135516825098852,-0.08935577587503962,1.0
9.5,0.26106107822153496,-0.11816197359740516,1.0
9.55,0.18402315633837799,-0.12982155561648598,1.0
9.600000000000001,-0.04859690366648753,-0.1476944177329332,1.0
9.65,-0.26367881645815217,-0.18667276359388996,1.0
9.700000000000001,-0.33631634445913683,-0.24279478423893275,1.0
9.75,-0.2977087048018415,-0.2999613686589724,1.0
9.8,-0.2932494925360267,-0.3468006272496311,1.0
9.850000000000001,-0.4325574174199303,-0.38764303718651844,1.0
9.9,-0.6732929789454487,-0.43736289102514103,1.0
9.950000000000001,-0.8493239646674011,-0.5050909084048903,1.0
10.0,-0.8199536985541205,-0.5823864953478478,1.0
10.05,-0.6038473676434348,-0.6475595307468118,1.0
10.100000000000001,-0.3733818100840413,-0.6829857306879439,1.0
10.15,-0.31177170981995594,-0.6901152905523035,1.0
10.200000000000001,-0.46048525745930935,-0.6886455961774378,1.0
10.25,-0.6933288469770025,-0.7004726120135505,1.0
10.3,-0.8380164641001947,-0.7326501036877873,1.0
10.350000000000001,-0.8320748812066389,-0.7742469826477001,1.0
10.4,-0.7703373636799478,-0.8091543979656469,1.0
10.450000000000001,-0.802776684082105,-0.8323744340042158,1.0
10.5,-0.9802591130106153,-0.854435462394133,1.0
10.55,-1.1940222332276058,-0.8899025421819242,1.0
10.600000000000001,-1.2678733403883304,-0.9409744696571805,1.0
10.65,-1.1202368779823164,-0.9919718789268407,1.0
10.700000000000001,-0.8470387770827748,-1.0206259713316164,1.0
10.75,-0.6472825700829443,-1.0165432794776312,1.0
10.8,-0.6563608313139522,-0.9903518779103675,1.0
10.850000000000001,-0.8363613544710741,-0.965211562928155,1.0
10.9,-1.0205926374449945,-0.9581723028525556,1.0
10.950000000000001,-1.069018722448173,-0.9678646663247767,1.0
11.0,-0.9911589996702114,-0.9790107402842816,1.0
11.05,-0.9248880657560882,-0.9788087077193292,1.0
11.100000000000001,-0.9936727102828452,-0.9695527632501614,1.0
11.15,-1.177418900567709,-0.9656769957724607,1.0
11.200000000000001,-1.3195010494976807,-0.9781492315815852,1.0
11.25,-1.2663152509254352,-1.0011370856238404,1.0
11.3,-1.0121443945125324,-1.014004731690586,1.0
11.350000000000001,-0.715260012161641,-0.9976335156801404,1.0
11.4,-0.5678078354312888,-0.9507168992464499,1.0
11.450000000000001,-0.6353409630569233,-0.8913699345349769,1.0
11.5,-0.8095779486941475,-0.8424825542208774,1.0
11.55,-0.9146405508009816,-0.8138014041163579,1.0
11.600000000000001,-0.867471660942277,-0.796460125722683,1.0
11.65,-0.7452730130051559,-0.7741449358681983,1.0
11.700000000000001,-0.70015983386555,-0.7399060378657796,1.0
11.75,-0.8030311625225435,-0.7027299466549777,1.0
11.8,-0.9642019364733236,-0.6778017725643178,1.0
11.850000000000001,-1.0072574413245219,-0.6697889888463912,1.0
11.9,-0.8303531551607047,-0.665208561513261,1.0
11.950000000000001,-0.5069003051245686,-0.6417327268932791,1.0
12.0,-0.2313616501737487,-0.5866548589144485,1.0
12.05,-0.1567601989114697,-0.5080642750911328,1.0
12.100000000000001,-0.26932680109353463,-0.428602443836193,1.0
12.15,-0.4118032432770317,-0.36727194981536315,1.0
12.200000000000001,-0.43139391132640226,-0.3254039695404276,1.0
12.25,-0.315539530072273,-0.2888683441740716,1.0
12.3,-0.19186048957915747,-0.2436786723585031,1.0
12.350000000000001,-0.1951884992472379,-0.19003086699428365,1.0
12.4,-0.32779114898180167,-0.14160556596580848,1.0
12.450000000000001,-0.4451961437619891,-0.11092904609872269,1.0
12.5,-0.38363559309729306,-0.0947833550811174,1.0
12.55,-0.11328383724520336,-0.07385921971110024,1.0
12.600000000000001,0.22422365455663262,-0.02780767424359807,1.0
12.65,0.43092954293372965,0.047458985042946475,1.0
12.700000000000001,0.41815783448101784,0.1357509197759389,1.0
12.75,0.27431322241070694,0.21359711289092104,1.0
12.8,0.17587576038047276,0.2687402327051466,1.0
12.850000000000001,0.22528606033026796,0.30785344375316326,1.0
12.9,0.36470688609586,0.3472267300819749,1.0
12.950000000000001,0.44297595420179847,0.39573670352925966,1.0
13.0,0.37079378755245873,0.4462332446835866,1.0
13.05,0.21747241061337763,0.483346331945838,1.0
13.100000000000001,0.15668244504062534,0.5002076069580914,1.0
13.15,0.3087338585711169,0.5080532388944491,1.0
13.200000000000001,0.6238937293898589,0.5290493158929841,1.0
13.25,0.9154799844802618,0.5781391489838074,1.0
13.3,1.0153737187323635,0.650033276402129,1.0
13.350000000000001,0.9128973114940342,0.7231022813128234,1.0
13.4,0.7531938510418704,0.7768089893053334,1.0
13.450000000000001,0.6993770416974027,0.8072326579801126,1.0
13.5,0.7862489744781789,0.8272141972080168,1.0
13.55,0.899155883792259,0.8518167402981882,1.0
13.600000000000001,0.8947465611988639,0.883120178160005,1.0
13.65,0.7488343240986552,0.9086445395309005,1.0
13.700000000000001,0.5914695700598201,0.9147536297058584,1.0
13.75,0.593820011404821,0.9022284513851724,1.0
13.8,0.8092680855357506,0.8889352639025921,1.0
13.850000000000001,1.1151825028726896,0.8962938644216064,1.0
13.9,1.3111277460097064,0.931267311961359,1.0
13.950000000000001,1.2867675215878973,0.9800097707809348,1.0
14.0,1.1090934034170867,1.0189919368494198,1.0
14.05,0.952253950225646,1.0337609946518516,1.0
14.100000000000001,0.9365937089172928,1.0287847988682666,1.0
14.15,1.0250924338126544,1.020168236535034,1.0
14.200000000000001,1.0706804449053973,1.0187127823333233,1.0
14.25,0.9676756874477075,1.0194148927052247,1.0
14.3,0.7641399403314966,1.0071977790624038,1.0
14.350000000000001,0.6281357617329582,0.973330807624588,1.0
14.4,0.6963525836194194,0.9268167884516383,1.0
14.450000000000001,0.9435089608235302,0.8894588114135007,1.0
14.5,1.193813214718126,0.8783286227710542,1.0
14.55,1.2668370395607564,0.8911460568253842,1.0
14.600000000000001,1.127550202967226,0.9077562648164809,1.0
14.65,0.9064650260542673,0.9065073776870736,1.0
14.700000000000001,0.774333637667086,0.8810085931350935,1.0
14.75,0.7879126928532052,0.8426440267167555,1.0
14.8,0.8479376386233712,0.8073672123920714,1.0
14.850000000000001,0.8054724562440672,0.7796021560458921,1.0
14.9,0.6151791457222868,0.7484180817062855,1.0
14.950000000000001,0.3906080195417204,0.6994520385441959,1.0
15.0,0.3073613862510539,0.6311768569838981,1.0
15.05,0.44132889017438565,0.5598265881081037,1.0
15.100000000000001,0.690817412151666,0.5076085300419517,1.0
15.15,0.8561721298234175,0.4842921086550381,1.0
15.200000000000001,0.8071041543596718,0.4786320709023534,1.0
15.25,0.5878815435885918,0.4674346592013066,1.0
15.3,0.3672683465869096,0.4342661409452533,1.0
15.350000000000001,0.28155333167321406,0.38126748946227396,1.0
15.4,0.31545489649451336,0.32404403291256734,1.0
15.450000000000001,0.3289028626516638,0.27512296841767986,1.0
15.5,0.201982623114039,0.23175099956695197,1.0
15.55,-0.03915067473767635,0.179444826148617,1.0
15.600000000000001,-0.23496156661995482,0.10780732822157246,1.0
15.65,-0.23491441154980436,0.023482972578450584,1.0
15.700000000000001,-0.03966510599472342,-0.05246293942479018,1.0
15.75,0.18862146456047363,-0.1011581723236368,1.0
15.8,0.26001543869129384,-0.12190232944626996,1.0
15.850000000000001,0.11544970463437922,-0.1331279176199421,1.0
15.9,-0.13166687622681209,-0.15735470058788864,1.0
15.950000000000001,-0.30597440850770186,-0.20347707659368994,1.0
16.0,-0.32964935060615463,-0.26190927553551585,1.0
16.05,-0.2846204503368309,-0.31621097560416567,1.0
16.1,-0.32257052232509814,-0.35978908820000777,1.0
16.150000000000002,-0.5090337741808295,-0.4019049240145923,1.0
16.2,-0.7489251004484143,-0.45745073912325507,1.0
16.25,-0.8654247238128057,-0.5302874785000019,1.0
16.3,-0.761756573295955,-0.6061647875792632,1.0
16.35,-0.5172904648817263,-0.6625721387299651,1.0
16.400000000000002,-0.327843179882208,-0.687235713577349,1.0
16.45,-0.34179216193484036,-0.6887701131560994,1.0
16.5,-0.5387022123202353,-0.6898240456993476,1.0
16.55,-0.7583500728450863,-0.7087390299125622,1.0
16.6,-0.8509346341654175,-0.7459554541821591,1.0
16.650000000000002,-0.8096397727926271,-0.7868438035213741,1.0
16.7,-0.7649173855740675,-0.8175467222805849,1.0
16.75,-0.8486628287320015,-0.8386632436363173,1.0
16.8,-1.0570322101896248,-0.863945999063179,1.0
16.85,-1.2419083793089687,-0.905377552095459,1.0
16.900000000000002,-1.2418018256342553,-0.9588901228562068,1.0
16.95,-1.0331154744118647,-1.0046435558662679,1.0
17.0,-0.7620054527476403,-1.022441401563418,1.0
17.05,-0.6250453524342328,-1.0087923570205222,1.0
17.1,-0.7047188950450689,-0.980290226008024,1.0
17.150000000000002,-0.9070083857438037,-0.9601549367928391,1.0
17.2,-1.0551663059063658,-0.9598617382270642,1.0
17.25,-1.0516560883629407,-0.9720139971885553,1.0
17.3,-0.9595073475582905,-0.9801699735065833,1.0
17.35,-0.9303219544359771,-0.9758450531785771,1.0
17.400000000000002,-1.0485590008160182,-0.9665944729381937,1.0
17.45,-1.239261116332857,-0.9676761691775072,1.0
17.5,-1.3276394895118884,-0.9853007169216296,1.0
17.55,-1.198022484484967,-1.0075373954169387,1.0
17.6,-0.9064640805661767,-1.0120698620714823,1.0
17.650000000000002,-0.641953086897586,-0.9844630670135139,1.0
17.7,-0.5687735527633708,-0.9307046944269496,1.0
17.75,-0.6910118688182424,-0.8726774439495528,1.0
17.8,-0.8599845666225697,-0.830495056515509,1.0
17.85,-0.9150300170133292,-0.8073519399640134,1.0
17.900000000000002,-0.8272307112761045,-0.7900093002568335,1.0
17.95,-0.7149184573926961,-0.7636459706960068,1.0
18.0,-0.719434629235581,-0.726778633776182,1.0
18.05,-0.8591682415557462,-0.6922327011481877,1.0
18.1,-1.000005910442278,-0.6733841412621389,1.0
18.150000000000002,-0.9724751886451111,-0.6688207439001927,1.0
18.2,-0.7294072395107111,-0.6602885622349741,1.0
18.25,-0.3987312954782626,-0.6266520824172499,1.0
18.3,-0.18057449344157728,-0.5617450259720101,1.0
18.35,-0.17969138017743735,-0.48010863240269575,1.0
18.400000000000002,-0.32328762362021457,-0.4053472952828921,1.0
18.45,-0.43635310558746354,-0.3514083479811393,1.0
18.5,-0.4032093703629126,-0.3132913227363338,1.0
18.55,-0.26661248538096366,-0.27488839818671296,1.0
18.6,-0.17509729203494787,-0.2259788565983925,1.0
18.650000000000002,-0.2302679111009169,-0.17224380269280654,1.0
18.7,-0.3784146331838758,-0.1289687065776441,1.0
18.75,-0.44979572311515914,-0.10451337051584964,1.0
18.8,-0.3119682001230918,-0.08938039362707334,1.0
18.85,0.0031085229417461514,-0.06175451114390025,1.0
18.900000000000002,0.31633357167992726,-0.0052291583247009304,1.0
18.95,0.45016079089744354,0.07697923698220832,1.0
19.0,0.37590143957303807,0.16415706658772278,1.0
19.05,0.2280770371327023,0.23478078543377595,1.0
19.1,0.1755424933483449,0.28297274018760576,1.0
19.150000000000002,0.2691135251722917,0.32038461323714784,1.0
19.200000000000003,0.40505854401392455,0.3626114406310375,1.0
19.25,0.4354931792079774,0.4133035585681239,1.0
19.3,0.3204760596129961,0.4609366693344866,1.0
19.35,0.17799381303239875,0.49115241539137877,1.0
19.400000000000002,0.18260620741720393,0.5028704811460435,1.0
19.450000000000003,0.4041677406885501,0.5126208035608572,1.0
19.5,0.7350727854221675,0.5422706950524219,1.0
19.55,0.9749794211578038,0.6006904251305608,1.0
19.6,0.998572643212715,0.6757571197116231,1.0
19.650000000000002,0.8561264106887077,0.7439870742407912,1.0
19.700000000000003,0.7179738992110796,0.78928944237904,1.0
19.75,0.7161979251724966,0.8142730989497533,1.0
19.8,0.8294885054615903,0.8345451097121627,1.0
19.85,0.9154691853280251,0.86203261465296,1.0
19.900000000000002,0.8576359351719848,0.8932143555496888,1.0
19.950000000000003,0.687870152926871,0.9132615614522663,1.0
20.0,0.5681019193569934,0.9120443146364441,1.0
20.05,0.6452807922534975,0.8966918583586252,1.0
20.1,0.9120378616285412,0.8883508053523421,1.0
20.150000000000002,1.202170203679464,0.9052986875708109,1.0
20.200000000000003,1.3278529173718,0.947301769053598,1.0
20.25,1.2362352259426452,0.995304559334706,1.0
20.3,1.0453780364098555,1.026857040046451,1.0
20.35,0.9295833312146413,1.0336014111336262,1.0
20.400000000000002,0.9610374782130008,1.0255078710647285,1.0
20.450000000000003,1.0528927024499606,1.0188053300248947,1.0
20.5,1.0538011939067724,1.019411552187678,1.0
20.55,0.9033905621560971,1.017499472399395,1.0
20.6,0.7017399378028809,0.9981937887338743,1.0
20.650000000000002,0.6255618858130854,0.9581581265277493,1.0
20.700000000000003,0.7661487663669078,0.9121128300269379,1.0
20.75,1.0379775629497554,0.8824504691565225,1.0
20.8,1.2438339300907248,0.8807310978585421,1.0
20.85,1.2398943035862033,0.8975674726598104,1.0
20.900000000000002,1.052973773157219,0.9100823286488502,1.0
20.950000000000003,0.8458205300900024,0.9003784401744654,1.0
21.0,0.7648369973432476,0.8686786701403613,1.0
21.05,0.8108928773712059,0.8298788271596411,1.0
21.1,0.8506917083154859,0.7974898594118898,1.0
21.150000000000002,0.7552764924952102,0.7703259468848118,1.0
21.200000000000003,0.534442777870695,0.7344110891612021,1.0
21.25,0.339616548583173,0.6781683180245988,1.0
21.3,0.3296594046798792,0.6063717802778421,1.0
21.35,0.5217677251105808,0.539243252464737,1.0
21.400000000000002,0.7653137735195965,0.49669030134485087,1.0
21.450000000000003,0.8652337621832769,0.48150552442449274,1.0
21.5,0.7452388974130929,0.4766274602514773,1.0
21.55,0.5047656974291437,0.4590461473681163,1.0
21.6,0.3205583444430611,0.4180280304062761,1.0
21.650000000000002,0.2851048580918558,0.361645919765996,1.0
21.700000000000003,0.33026426483913407,0.30645255675520844,1.0
21.75,0.3042066618236199,0.2605283393283394,1.0
21.8,0.12745468658787296,0.215939462494285,1.0
21.85,-0.1194384994517807,0.15759442716382563,1.0
21.900000000000002,-0.2607349286759336,0.0800005906945373,1.0
21.950000000000003,-0.18549130042016146,-0.004163506526973851,1.0
22.0,0.04404949186029562,-0.07237642243443923,1.0
22.05,0.23690171134283827,-0.11063302646702627,1.0
22.1,0.2329112964520786,-0.12550216558193278,1.0
22.150000000000002,0.03469872563831726,-0.1389696768604698,1.0
22.200000000000003,-0.20556320983926243,-0.17056426990037804,1.0
22.25,-0.3297052095723656,-0.2225991865093025,1.0
22.3,-0.3145454191848382,-0.28128831346437155,1.0
22.35,-0.28174037007734853,-0.3318893279015201,1.0
22.400000000000002,-0.37022536816320617,-0.373320012664451,1.0
22.450000000000003,-0.5923415447303649,-0.4185228287280134,1.0
22.5,-0.8098502330685192,-0.4803706737701154,1.0
22.55,-0.8549557248407754,-0.5565836764573974,1.0
22.6,-0.6865303887175249,-0.6282944688620333,1.0
22.650000000000002,-0.43740638482818084,-0.6744209122417255,1.0
22.700000000000003,-0.306909459580583,-0.6893362586139098,1.0
22.75,-0.3938265363027848,-0.687987037177581,1.0
22.8,-0.6193806787237142,-0.6937444779641614,1.0
22.85,-0.8076298413738345,-0.7197472277192662,1.0
22.900000000000002,-0.8473988222919248,-0.7601752506945745,1.0
22.950000000000003,-0.7868032384376866,-0.7986369313374244,1.0
23.0,-0.7753247356555923,-0.8251962932022221,1.0
23.05,-0.9100267902385986,-0.845888877869325,1.0
23.1,-1.1312864797176443,-0.8758676873333449,1.0
23.150000000000002,-1.2675700797051248,-0.922784915580534,1.0
23.200000000000003,-1.1905303024224902,-0.976331818712801,1.0
23.25,-0.9384555364328668,-1.0143792242567957,1.0
23.3,-0.6932269784571458,-1.0208784645867868,1.0
23.35,-0.6289816656283859,-0.9996527289247396,1.0
23.400000000000002,-0.7677218390441215,-0.9716259037237093,1.0
23.450000000000003,-0.9707684722643078,-0.9578467136250461,1.0
23.5,-1.071049802235332,-0.9633554890742055,1.0
23.55,-1.0234220474182838,-0.9759331312528658,1.0
23.6,-0.9356184564112532,-0.9800504009038231,1.0
23.650000000000002,-0.9539543246989689,-0.9725254584867221,1.0
23.700000000000003,-1.1126018722332187,-0.9651552834938859,1.0
23.75,-1.28897851223939,-0.9719739925450236,1.0
23.8,-1.3094964198472658,-0.993318559710302,1.0
23.85,-1.110153031837303,-1.0120971645205645,1.0
23.900000000000002,-0.8040772939536966,-1.006533327137503,1.0
23.950000000000003,-0.5918051219859927,-0.9684019663865432,1.0
24.0,-0.5932859882695677,-0.9104355195979427,1.0
24.05,-0.7520715549052837,-0.8561377153175648,1.0
24.1,-0.896242074177725,-0.8210079038405025,1.0
24.150000000000002,-0.8978558664034144,-0.8017556056787892,1.0
24.200000000000003,-0.7839975148491674,-0.7825855275416193,1.0
24.25,-0.6989524162844507,-0.7519901582438875,1.0
24.3,-0.7554632996149614,-0.7140698406238476,1.0
24.35,-0.915777699958174,-0.6838074684973031,1.0
24.400000000000002,-1.0156132149313806,-0.6708932549464911,1.0
24.450000000000003,-0.9116557114207338,-0.6675767811107147,1.0
24.5,-0.6178677744388708,-0.6525272623546745,1.0
24.55,-0.30419316486058556,-0.6079725836201654,1.0
24.6,-0.15604371427992964,-0.5349859803422281,1.0
24.650000000000002,-0.21992588966163557,-0.45314562738316344,1.0
24.700000000000003,-0.373219833667112,-0.38474466318971795,1.0
24.75,-0.44284998623119365,-0.33755132815819033,1.0
24.8,-0.36231335806840864,-0.3011964635658282,1.0
24.85,-0.22323261344113002,-0.2596704314575092,1.0
24.900000000000002,-0.1764096192073495,-0.20773975201865044,1.0
24.950000000000003,-0.2769776540564444,-0.1558004917202529,1.0
25.0,-0.4200117150706293,-0.11872245970730397,1.0
25.05,-0.4291776960160135,-0.09935883084780017,1.0
25.1,-0.2188581739937655,-0.08259976589166568,1.0
25.150000000000002,0.11927670467856062,-0.04627815581419066,1.0
25.200000000000003,0.38674159316180284,0.02034047651230496,1.0
25.25,0.4443127384092329,0.10699288326319446,1.0
25.3,0.3250088686044075,0.19046968165558004,1.0
25.35,0.1937519388036073,0.25319223902410554,1.0
25.400000000000002,0.19321175020659506,0.29588386707813824,1.0
25.450000000000003,0.3181553760209127,0.3335126037993711,1.0
25.5,0.43244536054561766,0.37903904792041404,1.0
25.55,0.4100478507131735,0.4304942484620221,1.0
25.6,0.266502686256552,0.4734879423450699,1.0
25.650000000000002,0.15613806263332328,0.4966440305382881,1.0
25.700000000000003,0.23474886464283817,0.5052064374735159,1.0
25.75,0.5128483308226155,0.5195106678224886,1.0
25.8,0.8352479957354969,0.5588956450849855,1.0
25.85,1.0083492460384968,0.6251848519998083,1.0
25.900000000000002,0.9618597037846855,0.7005923011234495,1.0
25.950000000000003,0.800216154605899,0.7620585703565368,1.0
26.0,0.6996473353802726,0.7993087113225453,1.0
26.05,0.7471900111450918,0.820778684491084,1.0
26.1,0.869392099781616,0.8428039812080231,1.0
26.150000000000002,0.9140983578529852,0.8727399471639006,1.0
26.200000000000003,0.8066178973570611,0.9019710924634174,1.0
26.25,0.6326924126076334,0.9152761494522317,1.0
26.3,0.5684687372204289,0.9075699618935912,1.0
26.35,0.71968933798702,0.8919431006473604,1.0
26.400000000000002,1.017656591693163,0.8907711278507933,1.0
26.450000000000003,1.2692782093360717,0.9172861498848701,1.0
26.5,1.3183829878995308,0.9640186161051181,1.0
26.55,1.1739543355061637,1.0085782670194243,1.0
26.6,0.9911347313802495,1.0317176419354146,1.0
26.650000000000002,0.9250878471010872,1.031681824842376,1.0
26.700000000000003,0.9929289586415814,1.0224656964686192,1.0
26.75,1.0695375317903613,1.0183991278451159,1.0
26.8,1.0182722677356189,1.019854075579228,1.0
26.85,0.8325700437243718,1.0134873669455067,1.0
26.900000000000002,0.6543335365661289,0.9866533883566689,1.0
26.950000000000003,0.6491794430338862,0.9422125234399991,1.0
27.0,0.8518481582349501,0.8993448043531719,1.0
27.05,1.1244780527663394,0.8787823666842509,1.0
27.1,1.2685087320656505,0.8853422063186502,1.0
27.150000000000002,1.1909722223926054,0.9034357744037442,1.0
27.200000000000003,0.9762755807039701,0.9097077452770149,1.0
27.25,0.8008406160567165,0.8916085855309024,1.0
27.3,0.7709910678977,0.8555468238308486,1.0
27.35,0.8331239463912601,0.8179674164253213,1.0
27.400000000000002,0.8368266308108836,0.7883143190686395,1.0
27.450000000000003,0.6895379433791773,0.7600260140919166,1.0
27.5,0.45656615098921094,0.7179376058344655,1.0
27.55,0.3108727105403717,0.6549660151491769,1.0
27.6,0.3764024856904685,0.5820848244496601,1.0
27.650000000000002,0.6084458624899153,0.5215895182739807,1.0
27.700000000000003,0.8224391424707677,0.48904410660012887,1.0
27.75,0.8477583089488026,0.47992995382524717,1.0
27.8,0.6690222233390039,0.473059308091094,1.0
27.85,0.42882619618449747,0.4478194700991485,1.0
27.900000000000002,0.2922094026764315,0.3999644645156991,1.0
27.950000000000003,0.29857344263914887,0.34223336897849876,1.0
28.0,0.336327621193373,0.290056203568844,1.0
28.05,0.26093596061709257,0.24614703204665497,1.0
28.1,0.04407720007016856,0.19847424403894015,1.0
28.150000000000002,-0.187177214853619,0.13338667316720706,1.0
28.200000000000003,-0.26037732922191315,0.051348951207350516,1.0
28.25,-0.11739577819178576,-0.02993338237136818,1.0
28.3,0.12332202676873738,-0.08871449403327385,1.0
28.35,0.2613753315384797,-0.11732392779785344,1.0
28.400000000000002,0.18242641391372005,-0.1289737778895062,1.0
28.450000000000003,-0.05085419072388635,-0.1470311002897459,1.0
28.5,-0.2650316388617905,-0.18624317316299788,1.0
28.55,-0.3362962083716139,-0.24248617562980757,1.0
28.6,-0.2972807218287431,-0.29962511936184416,1.0
28.650000000000002,-0.2937882533141181,-0.3463995572679854,1.0
28.700000000000003,-0.43443648375312066,-0.3872813056388801,1.0
28.75,-0.6754204963185011,-0.4371714989524883,1.0
28.8,-0.8500807308692442,-0.5050781454438925,1.0
28.85,-0.8186871123975981,-0.5823974553776209,1.0
28.900000000000002,-0.6015462207005723,-0.6473894788323677,1.0
28.950000000000003,-0.3718929956802498,-0.6825497370748564,1.0
29.0,-0.3122479964331255,-0.6895222726483768,1.0
29.05,-0.4624553399750152,-0.6881092490582119,1.0
29.1,-0.6952126695464486,-0.7001379890586069,1.0
29.150000000000002,-0.838591766411539,-0.7324892430434592,1.0
29.200000000000003,-0.8315430651554844,-0.7741120582087266,1.0
29.25,-0.7700227297958618,-0.80893244158634,1.0
29.3,-0.8037637021828717,-0.8320964219862641,1.0
29.35,-0.9822560093642718,-0.854237860529931,1.0
29.400000000000002,-1.1955296879140873,-0.8898787912860464,1.0
29.450000000000003,-1.26752744263841,-0.9410582998433167,1.0
29.5,-1.1181002100088955,-0.9919669872676838,1.0
29.55,-0.8446434176825511,-1.0203621652184938,1.0
29.6,-0.646360769668739,-1.016021240728542,1.0
29.650000000000002,-0.6573961904063305,-0.9897460907843829,1.0
29.700000000000003,-0.8382572660436303,-0.9647276326814378,1.0
29.75,-1.0217350841691797,-0.9578853088708136,1.0
29.8,-1.0687428865493827,-0.9676802859816297,1.0
29.85,-0.9902754934835951,-0.9787773449044305,1.0
29.900000000000002,-0.9248057564800916,-0.9784710152661114,1.0
29.950000000000003,-0.9949568928361759,-0.9692021673531085,1.0
30.0,-1.179146302406717,-0.9654523124486316,1.0
30.05,-1.3200353558593183,-0.978082753210535,1.0
30.1,-1.264808115000707,-1.0010938483584817,1.0
30.150000000000002,-1.0093827836130163,-1.0137783752848764,1.0
30.200000000000003,-0.7130643968625947,-0.9971174704416503,1.0
30.25,-0.5675047838456513,-0.9499980237316007,1.0
30.3,-0.6366786781625225,-0.8906595653315326,1.0
30.35,-0.8110487880665904,-0.8419456932898297,1.0
30.400000000000002,-0.914891818139175,-0.8134353552094793,1.0
30.450000000000003,-0.8665016618966099,-0.7961267655563987,1.0
30.5,-0.7443245021738031,-0.7737197023304786,1.0
30.55,-0.70043541647505,-0.7394013301990436,1.0
30.6,-0.8044466151064605,-0.7022773833853793,1.0
30.650000000000002,-0.9653583120091804,-0.6775112576577589,1.0
30.700000000000003,-1.0066835533383258,-0.6696191360490281,1.0
30.75,-0.8278869752041953,-0.6649747028939624,1.0
30.8,-0.5039323507510394,-0.6412526184837554,1.0
30.85,-0.22969366242062564,-0.5859041485230441,1.0
30.900000000000002,-0.15709505982928978,-0.5072018963540549,1.0
30.950000000000003,-0.27074240430462426,-0.42784200440194586,1.0
31.0,-0.412664842742825,-0.36671323108157633,1.0
31.05,-0.4308505449746791,-0.3249727958593599,1.0
31.1,-0.31423053835020864,-0.28841254239290215,1.0
31.150000000000002,-0.1912013558413147,-0.24312528225466087,1.0
31.200000000000003,-0.19592377292376628,-0.18945601667371764,1.0
31.25,-0.32918079119410465,-0.1411522793174296,1.0
31.3,-0.4456152162729238,-0.11065173682551062,1.0
31.35,-0.3820559382551717,-0.09456806174860168,1.0
31.400000000000002,-0.11027874921054387,-0.07350040622323692,1.0
31.450000000000003,0.22688975263611796,-0.027178046330387756,1.0
31.5,0.43177750800581965,0.04829687287366864,1.0
31.55,0.41721434394398504,0.1365923335121054,1.0
31.6,0.27298716441556503,0.21426045084673478,1.0
31.650000000000002,0.17562813338410638,0.26920338736794236,1.0
31.700000000000003,0.2263245398685837,0.3082431186654635,1.0
31.75,0.3658957703397256,0.3476779096850166,1.0
31.8,0.44301934471307636,0.396257149875516,1.0
31.85,0.36956992018006585,0.4467001806096118,1.0
31.900000000000002,0.21625714191544,0.48363721536547294,1.0
31.950000000000003,0.15702888501094647,0.5003401757808716,1.0
32.0,0.3110250959936461,0.5081991640248289,1.0
32.050000000000004,0.626903787298432,0.5294013766325983,1.0
32.1,0.9173677090454587,0.578747733668488,1.0
32.15,1.0152282477632926,0.6507589778413201,1.0
32.2,0.9114500864594088,0.7237282540240491,1.0
32.25,0.7520730706232065,0.7772134658230567,1.0
32.300000000000004,0.699607713947876,0.8074694211939857,1.0
32.35,0.7873781699810458,0.8274345718073037,1.0
32.4,0.8997907014528329,0.8521116665330887,1.0
32.45,0.8939802886434716,0.8834320257671411,1.0
32.5,0.7472138090152844,0.9088307277324343,1.0
32.550000000000004,0.5905815239062076,0.9147408347190485,1.0
32.6,0.5948546616275606,0.9021098504092959,1.0
32.65,0.811875131613858,0.8889140036766305,1.0
32.7,1.1176832821514897,0.8965175036066699,1.0
32.75,1.3119153590383386,0.9317001748384519,1.0
32.800000000000004,1.2856426341889824,0.9804585361986445,1.0
32.85,1.1073421876461553,1.0192626425973856,1.0
32.9,0.9514222352384023,1.0338081370954764,1.0
32.95,0.937094949164947,1.028722566560244,1.0
33.0,1.0259221402223682,1.0201410180547887,1.0
33.050000000000004,1.0704764568718554,1.0187499909604842,1.0
33.1,0.9661159863316107,1.0194066232631578,1.0
33.15,0.7623572533342468,1.0070130287233816,1.0
33.2,0.6277387637236305,0.972965387766038,1.0
33.25,0.6979382942367374,0.9264282484739521,1.0
33.300000000000004,0.9460361764013835,0.8892487055412006,1.0
33.35,1.195432107544567,0.8783737833543359,1.0
33.4,1.2664435190414067,0.8913300120420902,1.0
33.45,1.125671876659827,0.9078634339806477,1.0
33.5,0.9046959163660924,0.9063966909022398,1.0
33.550000000000004,0.7738571086527084,0.8807130343750438,1.0
33.6,0.7884735360699413,0.8423120801432913,1.0
33.65,0.8481937925419238,0.8071070838760791,1.0
33.7,0.8043744559110003,0.7793768451730962,1.0
33.75,0.6130735456577374,0.7480892545643865,1.0
33.800000000000004,0.3890165379677725,0.6989301088548106,1.0
33.85,0.30761504951488955,0.6305338516750586,1.0
33.9,0.4433049793624887,0.559260736738806,1.0
33.95,0.6929502619170472,0.5072857744390916,1.0
34.0,0.8567530185360679,0.48420462218870675,1.0
34.050000000000004,0.8057095406609681,0.47860134926979064,1.0
34.1,0.5856516889315249,0.4672575524820817,1.0
34.15,0.3658074914058457,0.43387420631899404,1.0
34.2,0.2814754159716277,0.3807600895038498,1.0
34.25,0.31590704758388766,0.32357227660303856,1.0
34.300000000000004,0.3284834485192388,0.2747374774620268,1.0
34.35,0.20017725861033242,0.2313569546349963,1.0
34.4,-0.041371268266953753,0.1789054727131907,1.0
34.45,-0.23596186792546758,0.1070970226140541,1.0
34.5,-0.23389581463553055,0.022742615002444608,1.0
34.550000000000004,-0.037468613962764706,-0.05302660305651634,1.0
34.6,0.19016656638990664,-0.10144361273466332,1.0
34.65,0.25962819198378784,-0.12200179437789181,1.0
34.7,0.11344242147972416,-0.13325299081146458,1.0
34.75,-0.13376330021415583,-0.15766451217505778,1.0
34.800000000000004,-0.3068386454858257,-0.20396129229124205,1.0
34.85,-0.32933291978793877,-0.26242602569224677,1.0
34.9,-0.2843889891961993,-0.3166376481191317,1.0
34.95,-0.3235960101868267,-0.36014212112385635,1.0
35.0,-0.5111751298315985,-0.4023164936243616,1.0
35.050000000000004,-0.7507527739979365,-0.4580255496052327,1.0
35.1,-0.8654921817067315,-0.5309764005306373,1.0
35.15,-0.7599599440074389,-0.6067786661330544,1.0
35.2,-0.5150588020552046,-0.6629305347399679,1.0
35.25,-0.32696100305613185,-0.6873197759541168,1.0
35.300000000000004,-0.34290322388901073,-0.6887420137070581,1.0
35.35,-0.5408345594486941,-0.6898943947337256,1.0
35.4,-0.759870238998071,-0.7089999352268603,1.0
35.45,-0.8510386716699999,-0.7463259897875522,1.0
35.5,-0.8090127373412401,-0.7871704671848988,1.0
35.550000000000004,-0.7649742871797555,-0.8177599772416725,1.0
35.6,-0.8501003957470805,-0.8388422913335163,1.0
35.65,-1.0590588827047567,-0.8642318791445744,1.0
35.7,-1.2428920284727967,-0.9058177771724328,1.0
35.75,-1.2407591602703256,-0.9593638555313784,1.0
35.800000000000004,-1.0306764014006196,-1.0049436295953538,1.0
35.85,-0.7599508900451267,-1.0224447912919725,1.0
35.9,-0.6248147035793552,-1.0085671737051503,1.0
35.95,-0.7062238641958047,-0.9800422812961702,1.0
36.0,-0.9088100480478536,-0.9600606884864927,1.0
36.050000000000004,-1.0558291020461308,-0.9599357216217717,1.0
36.1,-1.0510262401131847,-0.9721253175392959,1.0
36.15,-0.9587504371428053,-0.980185354377925,1.0
36.2,-0.9307105127959736,-0.9757613438497084,1.0
36.25,-1.0501592515601175,-0.966536338580006,1.0
36.300000000000004,-1.2407613663137833,-0.9677623668672382,1.0
36.35,-1.3275050695857316,-0.9855065978839457,1.0
36.4,-1.195927915551452,-1.0076870096314674,1.0
36.45,-0.9036805900329801,-1.0119724472767302,1.0
36.5,-0.6403136367108916,-0.9840746774874278,1.0
36.550000000000004,-0.5691342374650106,-0.9301698026511283,1.0
36.6,-0.6925884486634055,-0.8722120508672426,1.0
36.65,-0.8611439465738971,-0.830214965254417,1.0
36.7,-0.9147918411185751,-0.807197600580787,1.0
36.75,-0.8260985926113006,-0.789828767827536,1.0
36.800000000000004,-0.7142939015524743,-0.7633529215793137,1.0
36.85,-0.7201827494420421,-0.7264358085460827,1.0
36.9,-0.8606897678700612,-0.6919832020837664,1.0
36.95,-1.0007013044417852,-0.6732966001052743,1.0
37.0,-0.9711955858045207,-0.6687965704815405,1.0
37.050000000000004,-0.7265632163904532,-0.6601239805302499,1.0
37.1,-0.39602739144084725,-0.626205102681356,1.0
37.15,-0.17958633267999274,-0.5610590173656874,1.0
37.2,-0.1805584561848685,-0.47938078716208604,1.0
37.25,-0.32468917653438945,-0.40476914036142714,1.0
37.300000000000004,-0.4367639870864981,-0.3510198074248826,1.0
37.35,-0.4022712998287621,-0.3129753393186412,1.0
37.4,-0.26536777252639066,-0.2745036109489537,1.0
37.45,-0.17489379525052628,-0.22550244365862546,1.0
37.5,-0.23137571991459902,-0.17179023926059706,1.0
37.550000000000004,-0.37966180764299134,-0.12866797217062728,1.0
37.6,-0.44958661516206566,-0.10436487063206715,1.0
37.65,-0.3097628418958361,-0.0892236478226903,1.0
37.7,0.00621688816413643,-0.06139111084807143,1.0
37.75,0.3184934026820761,-0.004590376787797029,1.0
37.800000000000004,0.4503168482441275,0.0777694112602134,1.0
37.85,0.37463569519958856,0.16488114153147737,1.0
37.9,0.22699416955708876,0.23530138061733238,1.0
37.95,0.17578414627973546,0.28332718977880855,1.0
38.0,0.2703696175487032,0.3207210977219548,1.0
38.050000000000004,0.405969468501188,0.3630323592533783,1.0
38.1,0.43504419783719783,0.4137648988287745,1.0
38.15,0.3190663110758904,0.46129724513316006,1.0
38.2,0.1771635469406861,0.49132532501814347,1.0
38.25,0.18364973441716043,0.5029320071885628,1.0
38.300000000000004,0.4069000116059288,0.5127693098716162,1.0
38.35,0.7378940195670787,0.542665986730562,1.0
38.400000000000006,0.976203985968547,0.6013157317329019,1.0
38.45,0.9978349706022005,0.6764282095458223,1.0
38.5,0.8546063794793753,0.7445014675169515,1.0
38.550000000000004,0.71726138747584,0.7895832869098928,1.0
38.6,0.7168526838767988,0.8144484669459118,1.0
38.650000000000006,0.8306139387426078,0.83475013745106,1.0
38.7,0.9156700926874017,0.8623108910486466,1.0
38.75,0.856446853735791,0.8934654074533322,1.0
38.800000000000004,0.6863052968690238,0.913348484803755,1.0
38.85,0.5677911029684938,0.9119457275204494,1.0
38.900000000000006,0.6469688989299571,0.8965519622566203,1.0
38.95,0.9148278393813136,0.8883739732096788,1.0
39.0,1.2042231408172666,0.9055787421795429,1.0
39.050000000000004,1.3279319862944494,0.9477386175405671,1.0
39.1,1.234709850468417,0.9956840433693557,1.0
39.150000000000006,1.0437975447906105,1.0270235029242387,1.0
39.2,0.9292332497261139,1.0335702271985423,1.0
39.25,0.9618104763818071,1.0254219239709694,1.0
39.300000000000004,1.0534992680613098,1.0187826189217957,1.0
39.35,1.0530989063861773,1.0194291669981852,1.0
39.400000000000006,0.9015746483319959,1.017422451181927,1.0
39.45,0.7002661953008384,0.9979204250139218,1.0
39.5,0.6258477831058784,0.9577429550970664,1.0
39.550000000000004,0.7682372699257123,0.9117470335646579,1.0
39.6,1.0404002762550524,0.882310285283562,1.0
39.650000000000006,1.2448232666485393,0.8808277367503009,1.0
39.7,1.2388640497037426,0.8977336727678389,1.0
39.75,1.050942288193674,0.9101087593072237,1.0
39.800000000000004,0.8444159298277336,0.9001788891433952,1.0
39.85,0.7648133861414035,0.868338922936497,1.0
39.900000000000006,0.8115187014399392,0.8295518516743142,1.0
39.95,0.850552703458814,0.7972401394390176,1.0
