# Time,Velocity,Height,Radius
0.0,8.16519,0.008165190000000001,0.002003563927011205
0.001,8.675514375,0.016840704375,0.002007378590736789
0.002,8.7074096484375,0.0255481140234375,0.002011236659267151
0.003,8.709403103027343,0.03425751712646484,0.0020151254533541324
0.004,8.709527693939208,0.042967044820404046,0.0020190445557188136
0.005,8.7095354808712,0.05167658030127525,0.0020229943287684653
0.006,8.70953596755445,0.0603861162688297,0.002026975191667531
0.007,8.709535997972152,0.06909565226680185,0.0020309875750038416
0.008,8.709535999873259,0.07780518826667511,0.0020350319181365734
0.009000000000000001,8.709535999992077,0.08651472426666719,0.002039108669238983
0.01,8.709535999999504,0.0952242602666667,0.002043218285517638
0.011,8.709535999999968,0.10393379626666666,0.0020473612334497983
0.012,8.709535999999998,0.11264333226666666,0.0020515379890292374
0.013000000000000001,8.709536,0.12135286826666666,0.002055749038020181
0.014,8.709535999999998,0.13006240426666665,0.0020599948762196445
0.015,8.709536,0.13877194026666664,0.002064276009728486
0.016,8.709535999999998,0.14748147626666663,0.002068592955231537
0.017,8.709536,0.15619101226666662,0.002072946240287159
0.018000000000000002,8.709535999999998,0.1649005482666666,0.0020773364036266186
0.019,8.709536,0.1736100842666666,0.0020817639954636654
0.02,8.709535999999998,0.1823196202666666,0.002086229577814738
0.021,8.709536,0.19102915626666658,0.0020907337248302345
0.022,8.709535999999998,0.19973869226666657,0.0020952770231372937
0.023,8.709536,0.20844822826666656,0.002099860072194581
0.024,8.709535999999998,0.21715776426666655,0.002104483484659567
0.025,8.709536,0.22586730026666654,0.002109147886768835
0.026000000000000002,8.709535999999998,0.23457683626666653,0.002113853918731959
0.027,8.709536,0.24328637226666652,0.0021186022351395483
0.028,8.709535999999998,0.2519959082666665,0.0021233935053860493
0.029,8.709536,0.26070544426666653,0.0021282284141079513
0.03,8.709535999999998,0.26941498026666655,0.0021331076616380707
0.031,8.709536,0.27812451626666657,0.002138031964476614
0.032,8.709535999999998,0.2868340522666666,0.0021430020557797556
0.033,8.709536,0.2955435882666666,0.0021480186858665266
0.034,8.709535999999998,0.3042531242666666,0.002153082622744812
0.035,8.709536,0.31296266026666664,0.0021581946526573396
0.036000000000000004,8.709535999999998,0.32167219626666665,0.002163355580648553
0.037,8.709536,0.3303817322666667,0.002168566231153332
0.038,8.709535999999998,0.3390912682666667,0.0021738274486085706
0.039,8.709536,0.3478008042666667,0.0021791400980886626
0.04,8.709535999999998,0.3565103402666667,0.0021845050659660276
0.041,8.709536,0.36521987626666674,0.002189923260597843
0.042,8.709535999999998,0.37392941226666676,0.0021953956130402403
0.043000000000000003,8.709536,0.3826389482666668,0.0022009230777912665
0.044,8.709535999999998,0.3913484842666668,0.0022065066335640055
0.045,8.709536,0.4000580202666668,0.0022121472840913262
0.046,8.709535999999998,0.40876755626666683,0.0022178460589637942
0.047,8.709536,0.41747709226666685,0.0022236040145023933
0.048,8.709535999999998,0.42618662826666687,0.0022294222346677887
0.049,8.709536,0.4348961642666669,0.0022353018320079494
0.05,8.709535999999998,0.4436057002666669,0.0022412439486460844
0.051000000000000004,8.709536,0.4523152362666669,0.002247249757310931
0.052000000000000005,8.709535999999998,0.46102477226666694,0.002253320462411585
0.053,8.709536,0.46973430826666696,0.002259457301159152
0.054,8.709535999999998,0.478443844266667,0.0022656615447376968
0.055,8.709536,0.487153380266667,0.0022719344995270523
0.056,8.709535999999998,0.495862916266667,0.002278277508380257
0.057,8.709536,0.504572452266667,0.002284691951958546
0.058,8.709535999999998,0.513281988266667,0.0022911792501269807
0.059000000000000004,8.709536,0.5219915242666671,0.0022977408634140407
0.06,8.709535999999998,0.5307010602666671,0.002304378294538674
0.061,8.709536,0.5394105962666671,0.0023110930900085416
0.062,8.709535999999998,0.5481201322666671,0.0023178868417934404
0.063,8.709536,0.5568296682666671,0.0023247611890781328
0.064,8.709535999999998,0.5655392042666672,0.002331717820099102
0.065,8.709536,0.5742487402666672,0.0023387584740700443
0.066,8.709535999999998,0.5829582762666672,0.002345884943201247
0.067,8.709536,0.5916678122666672,0.002353099074818316
0.068,8.709535999999998,0.6003773482666672,0.002360402773586138
0.069,8.709536,0.6090868842666672,0.0023677980038443245
0.07,8.709535999999998,0.6177964202666673,0.0023752867920608395
0.07100000000000001,8.709536,0.6265059562666673,0.00238287122941099
0.07200000000000001,8.709535999999998,0.6352154922666673,0.0023905534744894435
0.073,8.709536,0.6439250282666673,0.0023983357561635213
0.074,8.709535999999998,0.6526345642666673,0.002406220376576567
0.075,8.709536,0.6613441002666673,0.002414209714310886
0.076,8.709535999999998,0.6700536362666674,0.0024223062277203976
0.077,8.709536,0.6787631722666674,0.0024305124584439435
0.078,8.709535999999998,0.6874727082666674,0.0024388310351109942
0.079,8.709536,0.6961822442666674,0.002447264677252391
0.08,8.709535999999998,0.7048917802666674,0.0024558161994297435
0.081,8.709536,0.7136013162666675,0.002464488515598147
0.082,8.709535999999998,0.7223108522666675,0.002473284643718054
0.083,8.709536,0.7310203882666675,0.002482207710633363
0.084,8.709535999999998,0.7397299242666675,0.0024912609572341894
0.085,8.709536,0.7484394602666675,0.002500447743924255
0.08600000000000001,8.709535999999998,0.7571489962666675,0.0025097715564144835
0.08700000000000001,8.709536,0.7658585322666676,0.002519236011866175
0.088,8.709535999999998,0.7745680682666676,0.0025288448654090918
0.089,8.709536,0.7832776042666676,0.002538602017061944
0.09,8.709535999999998,0.7919871402666676,0.00254851151908512
0.091,8.709536,0.8006966762666676,0.0025585775837981026
0.092,8.709535999999998,0.8094062122666676,0.002568804591896857
0.093,8.709536,0.8181157482666677,0.0025791971013096357
0.094,8.709535999999998,0.8268252842666677,0.002589759856633086
0.095,8.709536,0.8355348202666677,0.002600497799194387
0.096,8.709535999999998,0.8442443562666677,0.00261141607778935
0.097,8.709536,0.8529538922666677,0.002622520060151108
0.098,8.709535999999998,0.8616634282666678,0.0026338153452091706
0.099,8.709536,0.8703729642666678,0.0026453077762043815
0.1,8.709535999999998,0.8790825002666678,0.0026570034547316822
0.101,8.709536,0.8877920362666678,0.002668908755789671
0.10200000000000001,8.709535999999998,0.8965015722666678,0.002681030343923843
0.10300000000000001,8.709536,0.9052111082666678,0.0026933751905591995
0.10400000000000001,8.709535999999998,0.9139206442666679,0.002705950592627746
0.105,8.709536,0.9226301802666679,0.0027187641926073804
0.106,8.709535999999998,0.9313397162666679,0.002731824000101012
0.107,8.709536,0.9400492522666679,0.002745138415098527
0.108,8.709535999999998,0.9487587882666679,0.0027587162530797794
0.109,8.709536,0.957468324266668,0.002772566772134233
0.11,8.709535999999998,0.966177860266668,0.0027866997022925753
0.111,8.709536,0.974887396266668,0.0028011252772878943
0.112,8.709535999999998,0.983596932266668,0.002815854268989151
0.113,8.709536,0.992306468266668,0.0028308980247782373
0.114,8.709535999999998,1.001016004266668,0.0028462685081743063
0.115,8.709536,1.009725540266668,0.002861978343045949
0.116,8.709535999999998,1.018435076266668,0.0028780408617938274
0.117,8.709536,1.027144612266668,0.0028944701579344677
0.11800000000000001,8.709535999999998,1.035854148266668,0.002911281143570914
0.11900000000000001,8.709536,1.0445636842666681,0.0029284896122991418
0.12,8.709535999999998,1.0532732202666681,0.002946112308171791
0.121,8.709536,1.0619827562666682,0.002964167001424603
0.122,8.709535999999998,1.0706922922666682,0.002982672571767819
0.123,8.709536,1.0794018282666682,0.0030016491001571316
0.124,8.709535999999998,1.0881113642666682,0.0030211179700892813
0.125,8.709536,1.0968209002666682,0.0030411019796195127
0.126,8.709535999999998,1.1055304362666682,0.0030616254654758776
0.127,8.709536,1.1142399722666683,0.0030827144408537696
0.128,8.709535999999998,1.1229495082666683,0.003104396748719123
0.129,8.709536,1.1316590442666683,0.0031267022327377786
0.13,8.709535999999998,1.1403685802666683,0.003149662928290686
0.131,8.709536,1.1490781162666683,0.0031733132764409826
0.132,8.709535999999998,1.1577876522666684,0.0031976903642034695
0.133,8.709536,1.1664971882666684,0.003222834195046726
0.134,8.709535999999998,1.1752067242666684,0.003248787994254526
0.135,8.709536,1.1839162602666684,0.0032755985546134327
0.136,8.709535999999998,1.1926257962666684,0.0033033166289113914
0.137,8.709536,1.2013353322666684,0.0033319973769711194
0.138,8.709535999999998,1.2100448682666685,0.003361700876457281
0.139,8.709536,1.2187544042666685,0.003392492708558685
0.14,8.709535999999998,1.2274639402666685,0.003424444631947604
0.14100000000000001,8.709536,1.2361734762666685,0.0034576353612769018
0.14200000000000002,8.709535999999998,1.2448830122666685,0.003492151470047866
0.14300000000000002,8.709536,1.2535925482666685,0.003528088442173232
0.14400000000000002,8.709535999999998,1.2623020842666686,0.0035655519022443037
0.145,8.709536,1.2710116202666686,0.0036046590617547954
0.146,8.709535999999998,1.2797211562666686,0.003645540427832521
0.147,8.709536,1.2884306922666686,0.0036883418330590765
0.148,8.709535999999998,1.2971402282666686,0.003733226860648233
0.149,8.709536,1.3058497642666687,0.003780379759901525
0.15,8.709535999999998,1.3145593002666687,0.003830008974287888
0.151,8.709536,1.3232688362666687,0.003882351441299622
0.152,8.709535999999998,1.3319783722666687,0.003937677873163852
0.153,8.709536,1.3406879082666687,0.0039962992960111505
0.154,8.709535999999998,1.3493974442666687,0.0040585752203420354
0.155,8.709536,1.3581069802666688,0.004124923949828668
0.156,8.709535999999998,1.3668165162666688,0.004195835727415188
0.157,8.709536,1.3755260522666688,0.004271889696668929
0.158,8.709535999999998,1.3842355882666688,0.004353776069174701
0.159,8.709536,1.3929451242666688,0.004442325511788736
0.16,8.709535999999998,1.4016546602666689,0.004538548728456333
0.161,8.709536,1.4103641962666689,0.0046436907295968706
0.162,8.709535999999998,1.4190737322666689,0.004759306747146591
0.163,8.709536,1.427783268266669,0.004887370880210545
0.164,8.709535999999998,1.436492804266669,0.005030435710586826
0.165,8.709536,1.445202340266669,0.005191874038115674
0.166,8.709535999999998,1.453911876266669,0.00537625829818611
0.167,8.709536,1.462621412266669,0.005589981997425154
0.168,8.709535999999998,1.471330948266669,0.005842331600815779
0.169,8.709536,1.480040484266669,0.006147458188508135
0.17,8.709535999999998,1.488750020266669,0.006528315312851141
0.171,8.709536,1.497459556266669,0.007025434970162084
0.17200000000000001,8.709535999999998,1.506169092266669,0.00771975592961296
0.17300000000000001,8.709536,1.514878628266669,0.008808042515086437
0.17400000000000002,8.709535999999998,1.523588164266669,0.010991091488865883
0.17500000000000002,8.709536,1.5322977002666691,0.028567977539522345
0.176,8.709535999999998,1.5410072362666691,nan
0.177,8.709536,1.5497167722666692,nan
0.178,8.709535999999998,1.5584263082666692,nan
0.179,8.709536,1.5671358442666692,nan
0.18,8.709535999999998,1.5758453802666692,nan
0.181,8.709536,1.5845549162666692,nan
0.182,8.709535999999998,1.5932644522666692,nan
0.183,8.709536,1.6019739882666693,nan
0.184,8.709535999999998,1.6106835242666693,nan
0.185,8.709536,1.6193930602666693,nan
0.186,8.709535999999998,1.6281025962666693,nan
0.187,8.709536,1.6368121322666693,nan
0.188,8.709535999999998,1.6455216682666693,nan
0.189,8.709536,1.6542312042666694,nan
0.19,8.709535999999998,1.6629407402666694,nan
0.191,8.709536,1.6716502762666694,nan
0.192,8.709535999999998,1.6803598122666694,nan
0.193,8.709536,1.6890693482666694,nan
0.194,8.709535999999998,1.6977788842666695,nan
0.195,8.709536,1.7064884202666695,nan
0.196,8.709535999999998,1.7151979562666695,nan
0.197,8.709536,1.7239074922666695,nan
0.198,8.709535999999998,1.7326170282666695,nan
0.199,8.709536,1.7413265642666695,nan
0.2,8.709535999999998,1.7500361002666696,nan
0.201,8.709536,1.7587456362666696,nan
0.202,8.709535999999998,1.7674551722666696,nan
0.203,8.709536,1.7761647082666696,nan
0.20400000000000001,8.709535999999998,1.7848742442666696,nan
0.20500000000000002,8.709536,1.7935837802666696,nan
0.20600000000000002,8.709535999999998,1.8022933162666697,nan
0.20700000000000002,8.709536,1.8110028522666697,nan
0.20800000000000002,8.709535999999998,1.8197123882666697,nan
0.209,8.709536,1.8284219242666697,nan
0.21,8.709535999999998,1.8371314602666697,nan
0.211,8.709536,1.8458409962666698,nan
0.212,8.709535999999998,1.8545505322666698,nan
0.213,8.709536,1.8632600682666698,nan
0.214,8.709535999999998,1.8719696042666698,nan
0.215,8.709536,1.8806791402666698,nan
0.216,8.709535999999998,1.8893886762666698,nan
0.217,8.709536,1.8980982122666699,nan
0.218,8.709535999999998,1.9068077482666699,nan
0.219,8.709536,1.91551728426667,nan
0.22,8.709535999999998,1.92422682026667,nan
0.221,8.709536,1.93293635626667,nan
0.222,8.709535999999998,1.94164589226667,nan
0.223,8.709536,1.95035542826667,nan
0.224,8.709535999999998,1.95906496426667,nan
0.225,8.709536,1.96777450026667,nan
0.226,8.709535999999998,1.97648403626667,nan
0.227,8.709536,1.98519357226667,nan
0.228,8.709535999999998,1.99390310826667,nan
0.229,8.709536,2.00261264426667,nan
0.23,8.709535999999998,2.01132218026667,nan
0.231,8.709536,2.02003171626667,nan
0.232,8.709535999999998,2.02874125226667,nan
0.233,8.709536,2.03745078826667,nan
0.234,8.709535999999998,2.04616032426667,nan
0.23500000000000001,8.709536,2.05486986026667,nan
0.23600000000000002,8.709535999999998,2.06357939626667,nan
0.23700000000000002,8.709536,2.07228893226667,nan
0.23800000000000002,8.709535999999998,2.08099846826667,nan
0.23900000000000002,8.709536,2.08970800426667,nan
0.24,8.709535999999998,2.09841754026667,nan
0.241,8.709536,2.10712707626667,nan
0.242,8.709535999999998,2.11583661226667,nan
0.243,8.709536,2.12454614826667,nan
0.244,8.709535999999998,2.13325568426667,nan
0.245,8.709536,2.14196522026667,nan
0.246,8.709535999999998,2.15067475626667,nan
0.247,8.709536,2.15938429226667,nan
0.248,8.709535999999998,2.16809382826667,nan
0.249,8.709536,2.17680336426667,nan
0.25,8.709535999999998,2.18551290026667,nan
0.251,8.709536,2.1942224362666702,nan
0.252,8.709535999999998,2.2029319722666703,nan
0.253,8.709536,2.2116415082666703,nan
0.254,8.709535999999998,2.2203510442666703,nan
0.255,8.709536,2.2290605802666703,nan
0.256,8.709535999999998,2.2377701162666703,nan
0.257,8.709536,2.2464796522666703,nan
0.258,8.709535999999998,2.2551891882666704,nan
0.259,8.709536,2.2638987242666704,nan
0.26,8.709535999999998,2.2726082602666704,nan
0.261,8.709536,2.2813177962666704,nan
0.262,8.709535999999998,2.2900273322666704,nan
0.263,8.709536,2.2987368682666705,nan
0.264,8.709535999999998,2.3074464042666705,nan
0.265,8.709536,2.3161559402666705,nan
0.266,8.709535999999998,2.3248654762666705,nan
0.267,8.709536,2.3335750122666705,nan
0.268,8.709535999999998,2.3422845482666705,nan
0.269,8.709536,2.3509940842666706,nan
0.27,8.709535999999998,2.3597036202666706,nan
0.271,8.709536,2.3684131562666706,nan
0.272,8.709535999999998,2.3771226922666706,nan
0.273,8.709536,2.3858322282666706,nan
0.274,8.709535999999998,2.3945417642666706,nan
0.275,8.709536,2.4032513002666707,nan
0.276,8.709535999999998,2.4119608362666707,nan
0.277,8.709536,2.4206703722666707,nan
0.278,8.709535999999998,2.4293799082666707,nan
0.279,8.709536,2.4380894442666707,nan
0.28,8.709535999999998,2.4467989802666708,nan
0.281,8.709536,2.4555085162666708,nan
0.28200000000000003,8.709535999999998,2.464218052266671,nan
0.28300000000000003,8.709536,2.472927588266671,nan
0.28400000000000003,8.709535999999998,2.481637124266671,nan
0.28500000000000003,8.709536,2.490346660266671,nan
0.28600000000000003,8.709535999999998,2.499056196266671,nan
0.28700000000000003,8.709536,2.507765732266671,nan
0.28800000000000003,8.709535999999998,2.516475268266671,nan
0.289,8.709536,2.525184804266671,nan
0.29,8.709535999999998,2.533894340266671,nan
0.291,8.709536,2.542603876266671,nan
0.292,8.709535999999998,2.551313412266671,nan
0.293,8.709536,2.560022948266671,nan
0.294,8.709535999999998,2.568732484266671,nan
0.295,8.709536,2.577442020266671,nan
0.296,8.709535999999998,2.586151556266671,nan
0.297,8.709536,2.594861092266671,nan
0.298,8.709535999999998,2.603570628266671,nan
0.299,8.709536,2.612280164266671,nan
0.3,8.709535999999998,2.620989700266671,nan
0.301,8.709536,2.629699236266671,nan
0.302,8.709535999999998,2.638408772266671,nan
0.303,8.709536,2.647118308266671,nan
0.304,8.709535999999998,2.655827844266671,nan
0.305,8.709536,2.664537380266671,nan
0.306,8.709535999999998,2.673246916266671,nan
0.307,8.709536,2.6819564522666712,nan
0.308,8.709535999999998,2.6906659882666712,nan
0.309,8.709536,2.6993755242666713,nan
0.31,8.709535999999998,2.7080850602666713,nan
0.311,8.709536,2.7167945962666713,nan
0.312,8.709535999999998,2.7255041322666713,nan
0.313,8.709536,2.7342136682666713,nan
0.314,8.709535999999998,2.7429232042666714,nan
0.315,8.709536,2.7516327402666714,nan
0.316,8.709535999999998,2.7603422762666714,nan
0.317,8.709536,2.7690518122666714,nan
0.318,8.709535999999998,2.7777613482666714,nan
0.319,8.709536,2.7864708842666714,nan
0.32,8.709535999999998,2.7951804202666715,nan
0.321,8.709536,2.8038899562666715,nan
0.322,8.709535999999998,2.8125994922666715,nan
0.323,8.709536,2.8213090282666715,nan
0.324,8.709535999999998,2.8300185642666715,nan
0.325,8.709536,2.8387281002666716,nan
0.326,8.709535999999998,2.8474376362666716,nan
0.327,8.709536,2.8561471722666716,nan
0.328,8.709535999999998,2.8648567082666716,nan
0.329,8.709536,2.8735662442666716,nan
0.33,8.709535999999998,2.8822757802666716,nan
0.331,8.709536,2.8909853162666717,nan
0.332,8.709535999999998,2.8996948522666717,nan
0.333,8.709536,2.9084043882666717,nan
0.334,8.709535999999998,2.9171139242666717,nan
0.335,8.709536,2.9258234602666717,nan
0.336,8.709535999999998,2.9345329962666717,nan
0.337,8.709536,2.9432425322666718,nan
0.338,8.709535999999998,2.951952068266672,nan
0.339,8.709536,2.960661604266672,nan
0.34,8.709535999999998,2.969371140266672,nan
0.341,8.709536,2.978080676266672,nan
0.342,8.709535999999998,2.986790212266672,nan
0.343,8.709536,2.995499748266672,nan
0.34400000000000003,8.709535999999998,3.004209284266672,nan
0.34500000000000003,8.709536,3.012918820266672,nan
0.34600000000000003,8.709535999999998,3.021628356266672,nan
0.34700000000000003,8.709536,3.030337892266672,nan
0.34800000000000003,8.709535999999998,3.039047428266672,nan
0.34900000000000003,8.709536,3.047756964266672,nan
0.35000000000000003,8.709535999999998,3.056466500266672,nan
0.35100000000000003,8.709536,3.065176036266672,nan
0.352,8.709535999999998,3.073885572266672,nan
0.353,8.709536,3.082595108266672,nan
0.354,8.709535999999998,3.091304644266672,nan
0.355,8.709536,3.100014180266672,nan
0.356,8.709535999999998,3.108723716266672,nan
0.357,8.709536,3.117433252266672,nan
0.358,8.709535999999998,3.126142788266672,nan
0.359,8.709536,3.134852324266672,nan
0.36,8.709535999999998,3.143561860266672,nan
0.361,8.709536,3.152271396266672,nan
0.362,8.709535999999998,3.160980932266672,nan
0.363,8.709536,3.1696904682666722,nan
0.364,8.709535999999998,3.1784000042666722,nan
0.365,8.709536,3.1871095402666723,nan
0.366,8.709535999999998,3.1958190762666723,nan
0.367,8.709536,3.2045286122666723,nan
0.368,8.709535999999998,3.2132381482666723,nan
0.369,8.709536,3.2219476842666723,nan
0.37,8.709535999999998,3.2306572202666723,nan
0.371,8.709536,3.2393667562666724,nan
0.372,8.709535999999998,3.2480762922666724,nan
0.373,8.709536,3.2567858282666724,nan
0.374,8.709535999999998,3.2654953642666724,nan
0.375,8.709536,3.2742049002666724,nan
0.376,8.709535999999998,3.2829144362666725,nan
0.377,8.709536,3.2916239722666725,nan
0.378,8.709535999999998,3.3003335082666725,nan
0.379,8.709536,3.3090430442666725,nan
0.38,8.709535999999998,3.3177525802666725,nan
0.381,8.709536,3.3264621162666725,nan
0.382,8.709535999999998,3.3351716522666726,nan
0.383,8.709536,3.3438811882666726,nan
0.384,8.709535999999998,3.3525907242666726,nan
0.385,8.709536,3.3613002602666726,nan
0.386,8.709535999999998,3.3700097962666726,nan
0.387,8.709536,3.3787193322666726,nan
0.388,8.709535999999998,3.3874288682666727,nan
0.389,8.709536,3.3961384042666727,nan
0.39,8.709535999999998,3.4048479402666727,nan
0.391,8.709536,3.4135574762666727,nan
0.392,8.709535999999998,3.4222670122666727,nan
0.393,8.709536,3.4309765482666728,nan
0.394,8.709535999999998,3.4396860842666728,nan
0.395,8.709536,3.448395620266673,nan
0.396,8.709535999999998,3.457105156266673,nan
0.397,8.709536,3.465814692266673,nan
0.398,8.709535999999998,3.474524228266673,nan
0.399,8.709536,3.483233764266673,nan
0.4,8.709535999999998,3.491943300266673,nan
0.401,8.709536,3.500652836266673,nan
0.402,8.709535999999998,3.509362372266673,nan
0.403,8.709536,3.518071908266673,nan
0.404,8.709535999999998,3.526781444266673,nan
0.405,8.709536,3.535490980266673,nan
0.406,8.709535999999998,3.544200516266673,nan
0.40700000000000003,8.709536,3.552910052266673,nan
0.40800000000000003,8.709535999999998,3.561619588266673,nan
0.40900000000000003,8.709536,3.570329124266673,nan
0.41000000000000003,8.709535999999998,3.579038660266673,nan
0.41100000000000003,8.709536,3.587748196266673,nan
0.41200000000000003,8.709535999999998,3.596457732266673,nan
0.41300000000000003,8.709536,3.605167268266673,nan
0.41400000000000003,8.709535999999998,3.613876804266673,nan
0.41500000000000004,8.709536,3.622586340266673,nan
0.41600000000000004,8.709535999999998,3.631295876266673,nan
0.417,8.709536,3.640005412266673,nan
0.418,8.709535999999998,3.648714948266673,nan
0.419,8.709536,3.657424484266673,nan
0.42,8.709535999999998,3.6661340202666732,nan
0.421,8.709536,3.6748435562666733,nan
0.422,8.709535999999998,3.6835530922666733,nan
0.423,8.709536,3.6922626282666733,nan
0.424,8.709535999999998,3.7009721642666733,nan
0.425,8.709536,3.7096817002666733,nan
0.426,8.709535999999998,3.7183912362666733,nan
0.427,8.709536,3.7271007722666734,nan
0.428,8.709535999999998,3.7358103082666734,nan
0.429,8.709536,3.7445198442666734,nan
0.43,8.709535999999998,3.7532293802666734,nan
0.431,8.709536,3.7619389162666734,nan
0.432,8.709535999999998,3.7706484522666734,nan
0.433,8.709536,3.7793579882666735,nan
0.434,8.709535999999998,3.7880675242666735,nan
0.435,8.709536,3.7967770602666735,nan
0.436,8.709535999999998,3.8054865962666735,nan
0.437,8.709536,3.8141961322666735,nan
0.438,8.709535999999998,3.8229056682666736,nan
0.439,8.709536,3.8316152042666736,nan
0.44,8.709535999999998,3.8403247402666736,nan
0.441,8.709536,3.8490342762666736,nan
0.442,8.709535999999998,3.8577438122666736,nan
0.443,8.709536,3.8664533482666736,nan
0.444,8.709535999999998,3.8751628842666737,nan
0.445,8.709536,3.8838724202666737,nan
0.446,8.709535999999998,3.8925819562666737,nan
0.447,8.709536,3.9012914922666737,nan
0.448,8.709535999999998,3.9100010282666737,nan
0.449,8.709536,3.9187105642666737,nan
0.45,8.709535999999998,3.9274201002666738,nan
0.451,8.709536,3.936129636266674,nan
0.452,8.709535999999998,3.944839172266674,nan
0.453,8.709536,3.953548708266674,nan
0.454,8.709535999999998,3.962258244266674,nan
0.455,8.709536,3.970967780266674,nan
0.456,8.709535999999998,3.979677316266674,nan
0.457,8.709536,3.988386852266674,nan
0.458,8.709535999999998,3.997096388266674,nan
0.459,8.709536,4.0058059242666735,nan
0.46,8.709535999999998,4.014515460266673,nan
0.461,8.709536,4.023224996266673,nan
0.462,8.709535999999998,4.031934532266672,nan
0.463,8.709536,4.040644068266672,nan
0.464,8.709535999999998,4.049353604266671,nan
0.465,8.709536,4.058063140266671,nan
0.466,8.709535999999998,4.0667726762666705,nan
0.467,8.709536,4.07548221226667,nan
0.468,8.709535999999998,4.08419174826667,nan
0.46900000000000003,8.709536,4.092901284266669,nan
0.47000000000000003,8.709535999999998,4.101610820266669,nan
0.47100000000000003,8.709536,4.110320356266668,nan
0.47200000000000003,8.709535999999998,4.119029892266668,nan
0.47300000000000003,8.709536,4.1277394282666675,nan
0.47400000000000003,8.709535999999998,4.136448964266667,nan
0.47500000000000003,8.709536,4.145158500266667,nan
0.47600000000000003,8.709535999999998,4.153868036266666,nan
0.47700000000000004,8.709536,4.162577572266666,nan
0.47800000000000004,8.709535999999998,4.171287108266665,nan
0.47900000000000004,8.709536,4.179996644266665,nan
0.48,8.709535999999998,4.1887061802666645,nan
0.481,8.709536,4.197415716266664,nan
0.482,8.709535999999998,4.206125252266664,nan
0.483,8.709536,4.214834788266663,nan
0.484,8.709535999999998,4.223544324266663,nan
0.485,8.709536,4.232253860266662,nan
0.486,8.709535999999998,4.240963396266662,nan
0.487,8.709536,4.2496729322666615,nan
0.488,8.709535999999998,4.258382468266661,nan
0.489,8.709536,4.267092004266661,nan
0.49,8.709535999999998,4.27580154026666,nan
0.491,8.709536,4.28451107626666,nan
0.492,8.709535999999998,4.293220612266659,nan
0.493,8.709536,4.301930148266659,nan
0.494,8.709535999999998,4.3106396842666586,nan
0.495,8.709536,4.319349220266658,nan
0.496,8.709535999999998,4.328058756266658,nan
0.497,8.709536,4.336768292266657,nan
0.498,8.709535999999998,4.345477828266657,nan
0.499,8.709536,4.354187364266656,nan
0.5,8.709535999999998,4.362896900266656,nan
0.501,8.709536,4.371606436266656,nan
0.502,8.709535999999998,4.380315972266655,nan
0.503,8.709536,4.389025508266655,nan
0.504,8.709535999999998,4.397735044266654,nan
0.505,8.709536,4.406444580266654,nan
0.506,8.709535999999998,4.415154116266653,nan
0.507,8.709536,4.423863652266653,nan
0.508,8.709535999999998,4.432573188266653,nan
0.509,8.709536,4.441282724266652,nan
0.51,8.709535999999998,4.449992260266652,nan
0.511,8.709536,4.458701796266651,nan
0.512,8.709535999999998,4.467411332266651,nan
0.513,8.709536,4.4761208682666505,nan
0.514,8.709535999999998,4.48483040426665,nan
0.515,8.709536,4.49353994026665,nan
0.516,8.709535999999998,4.502249476266649,nan
0.517,8.709536,4.510959012266649,nan
0.518,8.709535999999998,4.519668548266648,nan
0.519,8.709536,4.528378084266648,nan
0.52,8.709535999999998,4.5370876202666475,nan
0.521,8.709536,4.545797156266647,nan
0.522,8.709535999999998,4.554506692266647,nan
0.523,8.709536,4.563216228266646,nan
0.524,8.709535999999998,4.571925764266646,nan
0.525,8.709536,4.580635300266645,nan
0.526,8.709535999999998,4.589344836266645,nan
0.527,8.709536,4.5980543722666445,nan
0.528,8.709535999999998,4.606763908266644,nan
0.529,8.709536,4.615473444266644,nan
0.53,8.709535999999998,4.624182980266643,nan
0.531,8.709536,4.632892516266643,nan
0.532,8.709535999999998,4.641602052266642,nan
0.533,8.709536,4.650311588266642,nan
0.534,8.709535999999998,4.6590211242666415,nan
0.535,8.709536,4.667730660266641,nan
0.536,8.709535999999998,4.676440196266641,nan
0.537,8.709536,4.68514973226664,nan
0.538,8.709535999999998,4.69385926826664,nan
0.539,8.709536,4.702568804266639,nan
0.54,8.709535999999998,4.711278340266639,nan
0.541,8.709536,4.7199878762666385,nan
0.542,8.709535999999998,4.728697412266638,nan
0.543,8.709536,4.737406948266638,nan
0.544,8.709535999999998,4.746116484266637,nan
0.545,8.709536,4.754826020266637,nan
0.546,8.709535999999998,4.763535556266636,nan
0.547,8.709536,4.772245092266636,nan
0.548,8.709535999999998,4.7809546282666355,nan
0.549,8.709536,4.789664164266635,nan
0.55,8.709535999999998,4.798373700266635,nan
0.551,8.709536,4.807083236266634,nan
0.552,8.709535999999998,4.815792772266634,nan
0.553,8.709536,4.824502308266633,nan
0.554,8.709535999999998,4.833211844266633,nan
0.555,8.709536,4.8419213802666325,nan
0.556,8.709535999999998,4.850630916266632,nan
0.557,8.709536,4.859340452266632,nan
0.558,8.709535999999998,4.868049988266631,nan
0.559,8.709536,4.876759524266631,nan
0.56,8.709535999999998,4.88546906026663,nan
0.561,8.709536,4.89417859626663,nan
0.562,8.709535999999998,4.90288813226663,nan
0.5630000000000001,8.709536,4.911597668266629,nan
0.5640000000000001,8.709535999999998,4.920307204266629,nan
0.5650000000000001,8.709536,4.929016740266628,nan
0.5660000000000001,8.709535999999998,4.937726276266628,nan
0.5670000000000001,8.709536,4.946435812266627,nan
0.5680000000000001,8.709535999999998,4.955145348266627,nan
0.5690000000000001,8.709536,4.963854884266627,nan
0.5700000000000001,8.709535999999998,4.972564420266626,nan
0.5710000000000001,8.709536,4.981273956266626,nan
0.5720000000000001,8.709535999999998,4.989983492266625,nan
0.5730000000000001,8.709536,4.998693028266625,nan
0.5740000000000001,8.709535999999998,5.0074025642666244,nan
0.5750000000000001,8.709536,5.016112100266624,nan
0.5760000000000001,8.709535999999998,5.024821636266624,nan
0.577,8.709536,5.033531172266623,nan
0.578,8.709535999999998,5.042240708266623,nan
0.579,8.709536,5.050950244266622,nan
0.58,8.709535999999998,5.059659780266622,nan
0.581,8.709536,5.0683693162666215,nan
0.582,8.709535999999998,5.077078852266621,nan
0.583,8.709536,5.085788388266621,nan
0.584,8.709535999999998,5.09449792426662,nan
0.585,8.709536,5.10320746026662,nan
0.586,8.709535999999998,5.111916996266619,nan
0.587,8.709536,5.120626532266619,nan
0.588,8.709535999999998,5.1293360682666185,nan
0.589,8.709536,5.138045604266618,nan
0.59,8.709535999999998,5.146755140266618,nan
0.591,8.709536,5.155464676266617,nan
0.592,8.709535999999998,5.164174212266617,nan
0.593,8.709536,5.172883748266616,nan
0.594,8.709535999999998,5.181593284266616,nan
0.595,8.709536,5.1903028202666155,nan
0.596,8.709535999999998,5.199012356266615,nan
0.597,8.709536,5.207721892266615,nan
0.598,8.709535999999998,5.216431428266614,nan
0.599,8.709536,5.225140964266614,nan
0.6,8.709535999999998,5.233850500266613,nan
0.601,8.709536,5.242560036266613,nan
0.602,8.709535999999998,5.2512695722666125,nan
0.603,8.709536,5.259979108266612,nan
0.604,8.709535999999998,5.268688644266612,nan
0.605,8.709536,5.277398180266611,nan
0.606,8.709535999999998,5.286107716266611,nan
0.607,8.709536,5.29481725226661,nan
0.608,8.709535999999998,5.30352678826661,nan
0.609,8.709536,5.3122363242666095,nan
0.61,8.709535999999998,5.320945860266609,nan
0.611,8.709536,5.329655396266609,nan
0.612,8.709535999999998,5.338364932266608,nan
0.613,8.709536,5.347074468266608,nan
0.614,8.709535999999998,5.355784004266607,nan
0.615,8.709536,5.364493540266607,nan
0.616,8.709535999999998,5.3732030762666065,nan
0.617,8.709536,5.381912612266606,nan
0.618,8.709535999999998,5.390622148266606,nan
0.619,8.709536,5.399331684266605,nan
0.62,8.709535999999998,5.408041220266605,nan
0.621,8.709536,5.416750756266604,nan
0.622,8.709535999999998,5.425460292266604,nan
0.623,8.709536,5.4341698282666036,nan
0.624,8.709535999999998,5.442879364266603,nan
0.625,8.709536,5.451588900266603,nan
0.626,8.709535999999998,5.460298436266602,nan
0.627,8.709536,5.469007972266602,nan
0.628,8.709535999999998,5.477717508266601,nan
0.629,8.709536,5.486427044266601,nan
0.63,8.709535999999998,5.495136580266601,nan
0.631,8.709536,5.5038461162666,nan
0.632,8.709535999999998,5.5125556522666,nan
0.633,8.709536,5.521265188266599,nan
0.634,8.709535999999998,5.529974724266599,nan
0.635,8.709536,5.538684260266598,nan
0.636,8.709535999999998,5.547393796266598,nan
0.637,8.709536,5.556103332266598,nan
0.638,8.709535999999998,5.564812868266597,nan
0.639,8.709536,5.573522404266597,nan
0.64,8.709535999999998,5.582231940266596,nan
0.641,8.709536,5.590941476266596,nan
0.642,8.709535999999998,5.5996510122665955,nan
0.643,8.709536,5.608360548266595,nan
0.644,8.709535999999998,5.617070084266595,nan
0.645,8.709536,5.625779620266594,nan
0.646,8.709535999999998,5.634489156266594,nan
0.647,8.709536,5.643198692266593,nan
0.648,8.709535999999998,5.651908228266593,nan
0.649,8.709536,5.6606177642665925,nan
0.65,8.709535999999998,5.669327300266592,nan
0.651,8.709536,5.678036836266592,nan
0.652,8.709535999999998,5.686746372266591,nan
0.653,8.709536,5.695455908266591,nan
0.654,8.709535999999998,5.70416544426659,nan
0.655,8.709536,5.71287498026659,nan
0.656,8.709535999999998,5.7215845162665895,nan
0.657,8.709536,5.730294052266589,nan
0.658,8.709535999999998,5.739003588266589,nan
0.659,8.709536,5.747713124266588,nan
0.66,8.709535999999998,5.756422660266588,nan
0.661,8.709536,5.765132196266587,nan
0.662,8.709535999999998,5.773841732266587,nan
0.663,8.709536,5.7825512682665865,nan
0.664,8.709535999999998,5.791260804266586,nan
0.665,8.709536,5.799970340266586,nan
0.666,8.709535999999998,5.808679876266585,nan
0.667,8.709536,5.817389412266585,nan
0.668,8.709535999999998,5.826098948266584,nan
0.669,8.709536,5.834808484266584,nan
0.67,8.709535999999998,5.8435180202665835,nan
0.671,8.709536,5.852227556266583,nan
0.672,8.709535999999998,5.860937092266583,nan
0.673,8.709536,5.869646628266582,nan
0.674,8.709535999999998,5.878356164266582,nan
0.675,8.709536,5.887065700266581,nan
0.676,8.709535999999998,5.895775236266581,nan
0.677,8.709536,5.9044847722665805,nan
0.678,8.709535999999998,5.91319430826658,nan
0.679,8.709536,5.92190384426658,nan
0.68,8.709535999999998,5.930613380266579,nan
0.681,8.709536,5.939322916266579,nan
0.682,8.709535999999998,5.948032452266578,nan
0.683,8.709536,5.956741988266578,nan
0.684,8.709535999999998,5.9654515242665775,nan
0.685,8.709536,5.974161060266577,nan
0.686,8.709535999999998,5.982870596266577,nan
0.687,8.709536,5.991580132266576,nan
0.6880000000000001,8.709535999999998,6.000289668266576,nan
0.6890000000000001,8.709536,6.008999204266575,nan
0.6900000000000001,8.709535999999998,6.017708740266575,nan
0.6910000000000001,8.709536,6.026418276266575,nan
0.6920000000000001,8.709535999999998,6.035127812266574,nan
0.6930000000000001,8.709536,6.043837348266574,nan
0.6940000000000001,8.709535999999998,6.052546884266573,nan
0.6950000000000001,8.709536,6.061256420266573,nan
0.6960000000000001,8.709535999999998,6.069965956266572,nan
0.6970000000000001,8.709536,6.078675492266572,nan
0.6980000000000001,8.709535999999998,6.087385028266572,nan
0.6990000000000001,8.709536,6.096094564266571,nan
0.7000000000000001,8.709535999999998,6.104804100266571,nan
0.7010000000000001,8.709536,6.11351363626657,nan
0.7020000000000001,8.709535999999998,6.12222317226657,nan
0.7030000000000001,8.709536,6.130932708266569,nan
0.704,8.709535999999998,6.139642244266569,nan
0.705,8.709536,6.148351780266569,nan
0.706,8.709535999999998,6.157061316266568,nan
0.707,8.709536,6.165770852266568,nan
0.708,8.709535999999998,6.174480388266567,nan
0.709,8.709536,6.183189924266567,nan
0.71,8.709535999999998,6.1918994602665665,nan
0.711,8.709536,6.200608996266566,nan
0.712,8.709535999999998,6.209318532266566,nan
0.713,8.709536,6.218028068266565,nan
0.714,8.709535999999998,6.226737604266565,nan
0.715,8.709536,6.235447140266564,nan
0.716,8.709535999999998,6.244156676266564,nan
0.717,8.709536,6.2528662122665635,nan
0.718,8.709535999999998,6.261575748266563,nan
0.719,8.709536,6.270285284266563,nan
0.72,8.709535999999998,6.278994820266562,nan
0.721,8.709536,6.287704356266562,nan
0.722,8.709535999999998,6.296413892266561,nan
0.723,8.709536,6.305123428266561,nan
0.724,8.709535999999998,6.3138329642665605,nan
0.725,8.709536,6.32254250026656,nan
0.726,8.709535999999998,6.33125203626656,nan
0.727,8.709536,6.339961572266559,nan
0.728,8.709535999999998,6.348671108266559,nan
0.729,8.709536,6.357380644266558,nan
0.73,8.709535999999998,6.366090180266558,nan
0.731,8.709536,6.3747997162665575,nan
0.732,8.709535999999998,6.383509252266557,nan
0.733,8.709536,6.392218788266557,nan
0.734,8.709535999999998,6.400928324266556,nan
0.735,8.709536,6.409637860266556,nan
0.736,8.709535999999998,6.418347396266555,nan
0.737,8.709536,6.427056932266555,nan
0.738,8.709535999999998,6.4357664682665545,nan
0.739,8.709536,6.444476004266554,nan
0.74,8.709535999999998,6.453185540266554,nan
0.741,8.709536,6.461895076266553,nan
0.742,8.709535999999998,6.470604612266553,nan
0.743,8.709536,6.479314148266552,nan
0.744,8.709535999999998,6.488023684266552,nan
0.745,8.709536,6.4967332202665515,nan
0.746,8.709535999999998,6.505442756266551,nan
0.747,8.709536,6.514152292266551,nan
0.748,8.709535999999998,6.52286182826655,nan
0.749,8.709536,6.53157136426655,nan
0.75,8.709535999999998,6.540280900266549,nan
0.751,8.709536,6.548990436266549,nan
0.752,8.709535999999998,6.5576999722665485,nan
0.753,8.709536,6.566409508266548,nan
0.754,8.709535999999998,6.575119044266548,nan
0.755,8.709536,6.583828580266547,nan
0.756,8.709535999999998,6.592538116266547,nan
0.757,8.709536,6.601247652266546,nan
0.758,8.709535999999998,6.609957188266546,nan
0.759,8.709536,6.618666724266546,nan
0.76,8.709535999999998,6.627376260266545,nan
0.761,8.709536,6.636085796266545,nan
0.762,8.709535999999998,6.644795332266544,nan
0.763,8.709536,6.653504868266544,nan
0.764,8.709535999999998,6.662214404266543,nan
0.765,8.709536,6.670923940266543,nan
0.766,8.709535999999998,6.679633476266543,nan
0.767,8.709536,6.688343012266542,nan
0.768,8.709535999999998,6.697052548266542,nan
0.769,8.709536,6.705762084266541,nan
0.77,8.709535999999998,6.714471620266541,nan
0.771,8.709536,6.7231811562665404,nan
0.772,8.709535999999998,6.73189069226654,nan
0.773,8.709536,6.74060022826654,nan
0.774,8.709535999999998,6.749309764266539,nan
0.775,8.709536,6.758019300266539,nan
0.776,8.709535999999998,6.766728836266538,nan
0.777,8.709536,6.775438372266538,nan
0.778,8.709535999999998,6.7841479082665375,nan
0.779,8.709536,6.792857444266537,nan
0.78,8.709535999999998,6.801566980266537,nan
0.781,8.709536,6.810276516266536,nan
0.782,8.709535999999998,6.818986052266536,nan
0.783,8.709536,6.827695588266535,nan
0.784,8.709535999999998,6.836405124266535,nan
0.785,8.709536,6.8451146602665345,nan
0.786,8.709535999999998,6.853824196266534,nan
0.787,8.709536,6.862533732266534,nan
0.788,8.709535999999998,6.871243268266533,nan
0.789,8.709536,6.879952804266533,nan
0.79,8.709535999999998,6.888662340266532,nan
0.791,8.709536,6.897371876266532,nan
0.792,8.709535999999998,6.9060814122665315,nan
0.793,8.709536,6.914790948266531,nan
0.794,8.709535999999998,6.923500484266531,nan
0.795,8.709536,6.93221002026653,nan
0.796,8.709535999999998,6.94091955626653,nan
0.797,8.709536,6.949629092266529,nan
0.798,8.709535999999998,6.958338628266529,nan
0.799,8.709536,6.9670481642665285,nan
0.8,8.709535999999998,6.975757700266528,nan
0.801,8.709536,6.984467236266528,nan
0.802,8.709535999999998,6.993176772266527,nan
0.803,8.709536,7.001886308266527,nan
0.804,8.709535999999998,7.010595844266526,nan
0.805,8.709536,7.019305380266526,nan
0.806,8.709535999999998,7.0280149162665255,nan
0.807,8.709536,7.036724452266525,nan
0.808,8.709535999999998,7.045433988266525,nan
0.809,8.709536,7.054143524266524,nan
0.81,8.709535999999998,7.062853060266524,nan
0.811,8.709536,7.071562596266523,nan
0.812,8.709535999999998,7.080272132266523,nan
0.8130000000000001,8.709536,7.0889816682665225,nan
0.8140000000000001,8.709535999999998,7.097691204266522,nan
0.8150000000000001,8.709536,7.106400740266522,nan
0.8160000000000001,8.709535999999998,7.115110276266521,nan
0.8170000000000001,8.709536,7.123819812266521,nan
0.8180000000000001,8.709535999999998,7.13252934826652,nan
0.8190000000000001,8.709536,7.14123888426652,nan
0.8200000000000001,8.709535999999998,7.1499484202665196,nan
0.8210000000000001,8.709536,7.158657956266519,nan
0.8220000000000001,8.709535999999998,7.167367492266519,nan
0.8230000000000001,8.709536,7.176077028266518,nan
0.8240000000000001,8.709535999999998,7.184786564266518,nan
0.8250000000000001,8.709536,7.193496100266517,nan
0.8260000000000001,8.709535999999998,7.202205636266517,nan
0.8270000000000001,8.709536,7.210915172266517,nan
0.8280000000000001,8.709535999999998,7.219624708266516,nan
0.8290000000000001,8.709536,7.228334244266516,nan
0.8300000000000001,8.709535999999998,7.237043780266515,nan
0.8310000000000001,8.709536,7.245753316266515,nan
0.8320000000000001,8.709535999999998,7.254462852266514,nan
0.833,8.709536,7.263172388266514,nan
0.834,8.709535999999998,7.271881924266514,nan
0.835,8.709536,7.280591460266513,nan
0.836,8.709535999999998,7.289300996266513,nan
0.837,8.709536,7.298010532266512,nan
0.838,8.709535999999998,7.306720068266512,nan
0.839,8.709536,7.3154296042665115,nan
0.84,8.709535999999998,7.324139140266511,nan
0.841,8.709536,7.332848676266511,nan
0.842,8.709535999999998,7.34155821226651,nan
0.843,8.709536,7.35026774826651,nan
0.844,8.709535999999998,7.358977284266509,nan
0.845,8.709536,7.367686820266509,nan
0.846,8.709535999999998,7.3763963562665085,nan
0.847,8.709536,7.385105892266508,nan
0.848,8.709535999999998,7.393815428266508,nan
0.849,8.709536,7.402524964266507,nan
0.85,8.709535999999998,7.411234500266507,nan
0.851,8.709536,7.419944036266506,nan
0.852,8.709535999999998,7.428653572266506,nan
0.853,8.709536,7.4373631082665055,nan
0.854,8.709535999999998,7.446072644266505,nan
0.855,8.709536,7.454782180266505,nan
0.856,8.709535999999998,7.463491716266504,nan
0.857,8.709536,7.472201252266504,nan
0.858,8.709535999999998,7.480910788266503,nan
0.859,8.709536,7.489620324266503,nan
0.86,8.709535999999998,7.4983298602665025,nan
0.861,8.709536,7.507039396266502,nan
0.862,8.709535999999998,7.515748932266502,nan
0.863,8.709536,7.524458468266501,nan
0.864,8.709535999999998,7.533168004266501,nan
0.865,8.709536,7.5418775402665,nan
0.866,8.709535999999998,7.5505870762665,nan
0.867,8.709536,7.5592966122664995,nan
0.868,8.709535999999998,7.568006148266499,nan
0.869,8.709536,7.576715684266499,nan
0.87,8.709535999999998,7.585425220266498,nan
0.871,8.709536,7.594134756266498,nan
0.872,8.709535999999998,7.602844292266497,nan
0.873,8.709536,7.611553828266497,nan
0.874,8.709535999999998,7.6202633642664965,nan
0.875,8.709536,7.628972900266496,nan
0.876,8.709535999999998,7.637682436266496,nan
0.877,8.709536,7.646391972266495,nan
0.878,8.709535999999998,7.655101508266495,nan
0.879,8.709536,7.663811044266494,nan
0.88,8.709535999999998,7.672520580266494,nan
0.881,8.709536,7.6812301162664935,nan
0.882,8.709535999999998,7.689939652266493,nan
0.883,8.709536,7.698649188266493,nan
0.884,8.709535999999998,7.707358724266492,nan
0.885,8.709536,7.716068260266492,nan
0.886,8.709535999999998,7.724777796266491,nan
0.887,8.709536,7.733487332266491,nan
0.888,8.709535999999998,7.742196868266491,nan
0.889,8.709536,7.75090640426649,nan
0.89,8.709535999999998,7.75961594026649,nan
0.891,8.709536,7.768325476266489,nan
0.892,8.709535999999998,7.777035012266489,nan
0.893,8.709536,7.785744548266488,nan
0.894,8.709535999999998,7.794454084266488,nan
0.895,8.709536,7.803163620266488,nan
0.896,8.709535999999998,7.811873156266487,nan
0.897,8.709536,7.820582692266487,nan
0.898,8.709535999999998,7.829292228266486,nan
0.899,8.709536,7.838001764266486,nan
0.9,8.709535999999998,7.8467113002664854,nan
0.901,8.709536,7.855420836266485,nan
0.902,8.709535999999998,7.864130372266485,nan
0.903,8.709536,7.872839908266484,nan
0.904,8.709535999999998,7.881549444266484,nan
0.905,8.709536,7.890258980266483,nan
0.906,8.709535999999998,7.898968516266483,nan
0.907,8.709536,7.9076780522664825,nan
0.908,8.709535999999998,7.916387588266482,nan
0.909,8.709536,7.925097124266482,nan
0.91,8.709535999999998,7.933806660266481,nan
0.911,8.709536,7.942516196266481,nan
0.912,8.709535999999998,7.95122573226648,nan
0.913,8.709536,7.95993526826648,nan
0.914,8.709535999999998,7.9686448042664795,nan
0.915,8.709536,7.977354340266479,nan
0.916,8.709535999999998,7.986063876266479,nan
0.917,8.709536,7.994773412266478,nan
0.918,8.709535999999998,8.003482948266479,nan
0.919,8.709536,8.012192484266478,nan
0.92,8.709535999999998,8.020902020266478,nan
0.921,8.709536,8.029611556266477,nan
0.922,8.709535999999998,8.038321092266477,nan
0.923,8.709536,8.047030628266477,nan
0.924,8.709535999999998,8.055740164266476,nan
0.925,8.709536,8.064449700266476,nan
0.926,8.709535999999998,8.073159236266475,nan
0.927,8.709536,8.081868772266475,nan
0.928,8.709535999999998,8.090578308266474,nan
0.929,8.709536,8.099287844266474,nan
0.93,8.709535999999998,8.107997380266474,nan
0.931,8.709536,8.116706916266473,nan
0.932,8.709535999999998,8.125416452266473,nan
0.933,8.709536,8.134125988266472,nan
0.934,8.709535999999998,8.142835524266472,nan
0.935,8.709536,8.151545060266471,nan
0.936,8.709535999999998,8.160254596266471,nan
0.937,8.709536,8.16896413226647,nan
0.9380000000000001,8.709535999999998,8.17767366826647,nan
0.9390000000000001,8.709536,8.18638320426647,nan
0.9400000000000001,8.709535999999998,8.19509274026647,nan
0.9410000000000001,8.709536,8.203802276266469,nan
0.9420000000000001,8.709535999999998,8.212511812266468,nan
0.9430000000000001,8.709536,8.221221348266468,nan
0.9440000000000001,8.709535999999998,8.229930884266468,nan
0.9450000000000001,8.709536,8.238640420266467,nan
0.9460000000000001,8.709535999999998,8.247349956266467,nan
0.9470000000000001,8.709536,8.256059492266466,nan
0.9480000000000001,8.709535999999998,8.264769028266466,nan
0.9490000000000001,8.709536,8.273478564266465,nan
0.9500000000000001,8.709535999999998,8.282188100266465,nan
0.9510000000000001,8.709536,8.290897636266465,nan
0.9520000000000001,8.709535999999998,8.299607172266464,nan
0.9530000000000001,8.709536,8.308316708266464,nan
0.9540000000000001,8.709535999999998,8.317026244266463,nan
0.9550000000000001,8.709536,8.325735780266463,nan
0.9560000000000001,8.709535999999998,8.334445316266462,nan
0.9570000000000001,8.709536,8.343154852266462,nan
0.9580000000000001,8.709535999999998,8.351864388266462,nan
0.9590000000000001,8.709536,8.360573924266461,nan
0.96,8.709535999999998,8.36928346026646,nan
0.961,8.709536,8.37799299626646,nan
0.962,8.709535999999998,8.38670253226646,nan
0.963,8.709536,8.39541206826646,nan
0.964,8.709535999999998,8.404121604266459,nan
0.965,8.709536,8.412831140266459,nan
0.966,8.709535999999998,8.421540676266458,nan
0.967,8.709536,8.430250212266458,nan
0.968,8.709535999999998,8.438959748266457,nan
0.969,8.709536,8.447669284266457,nan
0.97,8.709535999999998,8.456378820266456,nan
0.971,8.709536,8.465088356266456,nan
0.972,8.709535999999998,8.473797892266456,nan
0.973,8.709536,8.482507428266455,nan
0.974,8.709535999999998,8.491216964266455,nan
0.975,8.709536,8.499926500266454,nan
0.976,8.709535999999998,8.508636036266454,nan
0.977,8.709536,8.517345572266454,nan
0.978,8.709535999999998,8.526055108266453,nan
0.979,8.709536,8.534764644266453,nan
0.98,8.709535999999998,8.543474180266452,nan
0.981,8.709536,8.552183716266452,nan
0.982,8.709535999999998,8.560893252266451,nan
0.983,8.709536,8.569602788266451,nan
0.984,8.709535999999998,8.57831232426645,nan
0.985,8.709536,8.58702186026645,nan
0.986,8.709535999999998,8.59573139626645,nan
0.987,8.709536,8.60444093226645,nan
0.988,8.709535999999998,8.613150468266449,nan
0.989,8.709536,8.621860004266448,nan
0.99,8.709535999999998,8.630569540266448,nan
0.991,8.709536,8.639279076266448,nan
0.992,8.709535999999998,8.647988612266447,nan
0.993,8.709536,8.656698148266447,nan
0.994,8.709535999999998,8.665407684266446,nan
0.995,8.709536,8.674117220266446,nan
0.996,8.709535999999998,8.682826756266445,nan
0.997,8.709536,8.691536292266445,nan
0.998,8.709535999999998,8.700245828266445,nan
0.999,8.709536,8.708955364266444,nan
