# frequency(Hz) , input_amplitude(V) , output_amplitude(V)
1.000000000000000056e-01,1.570796327117878881e-05,1.570070489887708405e-05
2.000000000000000111e-01,1.000000000000000000e+00,9.981555045856851383e-01
3.000000000000000444e-01,1.570796327117683725e-05,1.564299787633679164e-05
4.000000000000000222e-01,3.333333327850219741e-01,3.308942198025592862e-01
5.000000000000000000e-01,1.570796327115637632e-05,1.552946735498319104e-05
5.999999999999999778e-01,1.999999990130395255e-01,1.967515894122216225e-01
7.000000000000000666e-01,1.570796327125119658e-05,1.536371304828287244e-05
8.000000000000000444e-01,1.428571414471993817e-01,1.388083270621166265e-01
9.000000000000000222e-01,1.570796327118377953e-05,1.515074455628187722e-05
1.000000000000000000e+00,1.111111092834065894e-01,1.063042491159441744e-01
1.100000000000000089e+00,1.570796327117839918e-05,1.489658513509663184e-05
1.200000000000000178e+00,9.090908866599897720e-02,8.540029776612834134e-02
1.300000000000000266e+00,1.570796327116374890e-05,1.460784286485457216e-05
1.400000000000000133e+00,7.692307426587574604e-02,7.077559581888263895e-02
1.500000000000000222e+00,1.570796327112968801e-05,1.429130219275865457e-05
1.600000000000000089e+00,6.666666359612311021e-02,5.994703664481306621e-02
1.700000000000000178e+00,1.570796327118462657e-05,1.395357534061487013e-05
1.800000000000000266e+00,5.882352592837496869e-02,5.159884922475316965e-02
1.900000000000000133e+00,1.570796327118086913e-05,1.360083570521132678e-05
2.000000000000000000e+00,5.263157505147202098e-02,4.496746523042693261e-02
2.100000000000000089e+00,1.570796327117428937e-05,1.323863895669662704e-05
2.200000000000000178e+00,4.761904331088705200e-02,3.957815005688956889e-02
2.300000000000000266e+00,1.570796327115644408e-05,1.287182510740851199e-05
2.400000000000000355e+00,4.347825614931976473e-02,3.511925003382180416e-02
2.500000000000000444e+00,1.570796327118929541e-05,1.250448743183710331e-05
2.600000000000000089e+00,3.999999486780589364e-02,3.137694991088524343e-02
2.700000000000000178e+00,1.570796327117631209e-05,1.213999128035983097e-05
2.800000000000000266e+00,3.703703149300020814e-02,2.819912472953717275e-02
2.900000000000000355e+00,1.570796327119173148e-05,1.178102630256852625e-05
3.000000000000000444e+00,3.448275266489416596e-02,2.547420660236644069e-02
3.100000000000000089e+00,1.570796327119328324e-05,1.142967798802654877e-05
3.200000000000000178e+00,3.225805814864265292e-02,2.311825970834859717e-02
3.300000000000000266e+00,1.570796327117577676e-05,1.108750760227273909e-05
3.400000000000000355e+00,3.030302352390848789e-02,2.106676327912170368e-02
3.500000000000000444e+00,1.570796327117614268e-05,1.075563276192550942e-05
3.600000000000000089e+00,2.857142138071727677e-02,1.926920789075349180e-02
3.700000000000000178e+00,1.570796327119351025e-05,1.043480363498608598e-05
3.800000000000000266e+00,2.702701942476474703e-02,1.768543392330966177e-02
3.900000000000000355e+00,1.570796327118499587e-05,1.012547190484121343e-05
4.000000000000000000e+00,2.564101762724495248e-02,1.628308351222584535e-02
4.099999999999999645e+00,1.570796327117978831e-05,9.827851198005131073e-06
4.200000000000000178e+00,2.439023547716774598e-02,1.503578466160991785e-02
4.299999999999999822e+00,1.570796327117962568e-05,9.541968727455256525e-06
4.399999999999999467e+00,2.325580511675045398e-02,1.392182932058752716e-02
4.500000000000000000e+00,1.570796327116677789e-05,9.267708556205561687e-06
4.599999999999999645e+00,2.222221297403838280e-02,1.292319261537082549e-02
4.700000000000000178e+00,1.570796327117782320e-05,9.004847246170423266e-06
4.799999999999999822e+00,2.127658608506922261e-02,1.202479278855866571e-02
4.900000000000000355e+00,1.570796327117660008e-05,8.753082818040981391e-06
5.000000000000000000e+00,2.040815319428259181e-02,1.121392431216982483e-02
5.099999999999999645e+00,1.570796327117873460e-05,8.512057980605912982e-06
5.200000000000000178e+00,1.960783265483339102e-02,1.047981781369080982e-02
5.299999999999999822e+00,1.570796327117759958e-05,8.281378543177331231e-06
5.400000000000000355e+00,1.886791363449493580e-02,9.813294368184774519e-03
5.500000000000000000e+00,1.570796327117568867e-05,8.060627840293183239e-06
5.599999999999999645e+00,1.818180687663683778e-02,9.206491037672653865e-03
5.700000000000000178e+00,1.570796327118601570e-05,7.849377895433126633e-06
5.799999999999999822e+00,1.754384793257699263e-02,8.652640911293148218e-03
5.900000000000000355e+00,1.570796327118060146e-05,7.647197945613831948e-06
6.000000000000000000e+00,1.694914041447149675e-02,8.145895330123817391e-03
6.099999999999999645e+00,1.570796327117575305e-05,7.453660849430951792e-06
6.200000000000000178e+00,1.639343008370189661e-02,7.681179112006757820e-03
6.299999999999999822e+00,1.570796327118091995e-05,7.268347811243969463e-06
6.400000000000000355e+00,1.587300292242668429e-02,7.254071839427773775e-03
6.500000000000000000e+00,1.570796327116740469e-05,7.090851776195604188e-06
6.599999999999999645e+00,1.538460202269253084e-02,6.860709910136648763e-03
6.700000000000000178e+00,1.570796327118202448e-05,6.920779784032132427e-06
6.799999999999999822e+00,1.492535936107785600e-02,6.497705257816719683e-03
6.900000000000000355e+00,1.570796327118420982e-05,6.757754513545265150e-06
7.000000000000000000e+00,1.449273943861574716e-02,6.162077552164196489e-03
7.099999999999999645e+00,1.570796327116904455e-05,6.601415203659552585e-06
7.200000000000000178e+00,1.408449244636373471e-02,5.851197369187963009e-03
7.299999999999999822e+00,1.570796327117901921e-05,6.451418098875826963e-06
7.400000000000000355e+00,1.369861512978401419e-02,5.562738342703481276e-03
7.500000000000000000e+00,1.570796327114917993e-05,6.307436536182929821e-06
7.599999999999999645e+00,1.333331791482278948e-02,5.294636708839656376e-03
7.700000000000000178e+00,1.570796327120393214e-05,6.169160765983478973e-06
7.799999999999999822e+00,1.298699715719811056e-02,5.045056966981371731e-03
7.900000000000000355e+00,1.570796327117881592e-05,6.036297578890481101e-06
8.000000000000000000e+00,1.265821160698567954e-02,4.812362624748056823e-03
8.099999999999999645e+00,1.570796327117992384e-05,5.908569795546822738e-06
8.199999999999999289e+00,1.234566235993274710e-02,4.595091187362633153e-03
8.300000000000000711e+00,1.570796327117401832e-05,5.785715662410785353e-06
8.400000000000000355e+00,1.204817570737717891e-02,4.391932704958186745e-03
8.500000000000000000e+00,1.570796327117799938e-05,5.667488187812695902e-06
8.599999999999999645e+00,1.176468840735445803e-02,4.201711313884333790e-03
8.699999999999999289e+00,1.570796327118399637e-05,5.553654443678624050e-06
8.800000000000000711e+00,1.149423498727610883e-02,4.023369306622111112e-03
8.900000000000000355e+00,1.570796327118011696e-05,5.443994852530956096e-06
9.000000000000000000e+00,1.123593675860657011e-02,3.855953344610670800e-03
9.099999999999999645e+00,1.570796327117925976e-05,5.338302474284635752e-06
9.199999999999999289e+00,1.098899228015403490e-02,3.698602493059615325e-03
9.300000000000000711e+00,1.570796327117715912e-05,5.236382303519203487e-06
9.400000000000000355e+00,1.075266905190452697e-02,3.550537809708445569e-03
9.500000000000000000e+00,1.570796327117744711e-05,5.138050584984597327e-06
9.599999999999999645e+00,1.052629625805573919e-02,3.411053262868036194e-03
9.700000000000001066e+00,1.570796327117848049e-05,5.043134152689315679e-06
9.800000000000000711e+00,1.030925840782000689e-02,3.279507789796785346e-03
9.900000000000000355e+00,1.570796327117962229e-05,4.951469796183811299e-06
1.000000000000000000e+01,1.010098974703896833e-02,3.155318335991095895e-03
1.009999999999999964e+01,1.570796327117789096e-05,4.862903656249005858e-06
1.020000000000000107e+01,9.900969333764773547e-03,3.037953740469142520e-03
1.030000000000000071e+01,1.570796327117917845e-05,4.777290651173827311e-06
1.040000000000000036e+01,9.708716687560212805e-03,2.926929352525481885e-03
1.050000000000000000e+01,1.570796327117691518e-05,4.694493933998571824e-06
1.059999999999999964e+01,9.523787936021262807e-03,2.821802282474083177e-03
1.070000000000000107e+01,1.570796327118469433e-05,4.614384380559684548e-06
1.080000000000000071e+01,9.345772393465748284e-03,2.722167203178073487e-03
1.090000000000000036e+01,1.570796327117576321e-05,4.536840107676107869e-06
1.100000000000000000e+01,9.174289516279904647e-03,2.627652631167276716e-03
1.109999999999999964e+01,1.570796327117429954e-05,4.461746020632585866e-06
1.120000000000000107e+01,9.008986187416722843e-03,2.537917626263623203e-03
1.130000000000000071e+01,1.570796327117499411e-05,4.388993388740044193e-06
1.140000000000000036e+01,8.849534289266160550e-03,2.452648857188147700e-03
1.150000000000000000e+01,1.570796327117935802e-05,4.318479447799390640e-06
1.159999999999999964e+01,8.695628529791036079e-03,2.371557987873443470e-03
1.170000000000000107e+01,1.570796327118373549e-05,4.250107028083098013e-06
1.180000000000000071e+01,8.546984491623372746e-03,2.294379345366595602e-03
1.190000000000000036e+01,1.570796327117347961e-05,4.183784206476931387e-06
1.200000000000000000e+01,8.403336877890530202e-03,2.220867835456264133e-03
1.209999999999999964e+01,1.570796327118086574e-05,4.119423981417983191e-06
1.220000000000000107e+01,8.264437932008974683e-03,2.150797076639694889e-03
1.230000000000000071e+01,1.570796327116987464e-05,4.056943969205428156e-06
1.240000000000000036e+01,8.130056011644492750e-03,2.083957726881833800e-03
1.250000000000000000e+01,1.570796327117934786e-05,3.996266120472828287e-06
1.259999999999999964e+01,7.999974299572264538e-03,2.020155980909867262e-03
1.270000000000000107e+01,1.570796327118064890e-05,3.937316455399271485e-06
1.280000000000000071e+01,7.873989636345420443e-03,1.959212218615944898e-03
1.290000000000000036e+01,1.570796327118766911e-05,3.880024816574902792e-06
1.300000000000000000e+01,7.751911461552542064e-03,1.900959787578607174e-03
1.309999999999999964e+01,1.570796327117830092e-05,3.824324638241170369e-06
1.320000000000000107e+01,7.633560852059256656e-03,1.845243904818067793e-03
1.330000000000000071e+01,1.570796327118218711e-05,3.770152730891851761e-06
1.340000000000000036e+01,7.518769647024982870e-03,1.791920664720978579e-03
1.350000000000000000e+01,1.570796327117425549e-05,3.717449080104310337e-06
1.359999999999999964e+01,7.407379650695987069e-03,1.740856141648348260e-03
1.370000000000000107e+01,1.570796327117998482e-05,3.666156658721606691e-06
1.380000000000000071e+01,7.299241905026785868e-03,1.691925577110441623e-03
1.390000000000000036e+01,1.570796327117998482e-05,3.616221251368106440e-06
1.400000000000000000e+01,7.194216025096814189e-03,1.645012642584596594e-03
1.409999999999999964e+01,1.570796327118134008e-05,3.567591290528225740e-06
1.420000000000000107e+01,7.092169591087385365e-03,1.600008770090780410e-03
1.430000000000000071e+01,1.570796327117870411e-05,3.520217703321256447e-06
1.440000000000000036e+01,6.992977591281554148e-03,1.556812543546741770e-03
1.450000000000000000e+01,1.570796327117373372e-05,3.474053768264800201e-06
1.459999999999999964e+01,6.896521911160550730e-03,1.515329144717829672e-03
1.470000000000000107e+01,1.570796327117844661e-05,3.429054981313746066e-06
1.480000000000000071e+01,6.802690864206631730e-03,1.475469848271409364e-03
1.490000000000000036e+01,1.570796327118019150e-05,3.385178930523270503e-06
1.500000000000000000e+01,6.711378760493606072e-03,1.437151561055463817e-03
1.509999999999999964e+01,1.570796327118167550e-05,3.342385178759338553e-06
1.520000000000000107e+01,6.622485509561595179e-03,1.400296401256768356e-03
1.530000000000000071e+01,1.570796327117811796e-05,3.300635153867733732e-06
1.540000000000000036e+01,6.535916254438752307e-03,1.364831313565548470e-03
1.550000000000000000e+01,1.570796327118042528e-05,3.259892045806848179e-06
1.559999999999999964e+01,6.451581033997007969e-03,1.330687716889316675e-03
1.570000000000000107e+01,1.570796327117866684e-05,3.220120710240513993e-06
1.580000000000000071e+01,6.369394471114794322e-03,1.297801181525375797e-03
1.590000000000000036e+01,1.570796327118069972e-05,3.181287578172821379e-06
1.600000000000000000e+01,6.289275484374776820e-03,1.266111133026057937e-03
1.610000000000000142e+01,1.570796327117817895e-05,3.143360571179939085e-06
1.620000000000000284e+01,6.211147021249910881e-03,1.235560580277863651e-03
1.630000000000000071e+01,1.570796327117895144e-05,3.106309021883594512e-06
1.640000000000000213e+01,6.134935810932279007e-03,1.206095865570354451e-03
1.650000000000000355e+01,1.570796327117611558e-05,3.070103599283589253e-06
1.660000000000000142e+01,6.060572135137986052e-03,1.177666434656608838e-03
1.670000000000000284e+01,1.570796327117751488e-05,3.034716238643891753e-06
1.680000000000000071e+01,5.987989615381165281e-03,1.150224625008051428e-03
1.690000000000000213e+01,1.570796327117963246e-05,3.000120075602789681e-06
1.700000000000000355e+01,5.917125015352796800e-03,1.123725470645233837e-03
1.710000000000000142e+01,1.570796327117829076e-05,2.966289384241156113e-06
1.720000000000000284e+01,5.847918057167674800e-03,1.098126522085549756e-03
1.730000000000000071e+01,1.570796327117764701e-05,2.933199518837305494e-06
1.740000000000000213e+01,5.780311250357250338e-03,1.073387680091046062e-03
1.750000000000000355e+01,1.570796327116870235e-05,2.900826859058446918e-06
1.760000000000000142e+01,5.714249732588672255e-03,1.049471042026550163e-03
1.770000000000000284e+01,1.570796327119044738e-05,2.869148758382601216e-06
1.780000000000000071e+01,5.649681121182568468e-03,1.026340759751953342e-03
1.790000000000000213e+01,1.570796327117819589e-05,2.838143495485530192e-06
1.800000000000000355e+01,5.586555374584879601e-03,1.003962908074225576e-03
1.810000000000000142e+01,1.570796327118174326e-05,2.807790228503837383e-06
1.820000000000000284e+01,5.524824663022959680e-03,9.823053628760013232e-04
1.830000000000000071e+01,1.570796327117544134e-05,2.778068951849624710e-06
1.840000000000000213e+01,5.464443247643182254e-03,9.613376881193883353e-04
1.850000000000000355e+01,1.570796327117810780e-05,2.748960455538674073e-06
1.860000000000000142e+01,5.405367367488286660e-03,9.410310309972576542e-04
1.870000000000000284e+01,1.570796327118249882e-05,2.720446286784178668e-06
1.880000000000000071e+01,5.347555133727526812e-03,9.213580245704200769e-04
1.890000000000000213e+01,1.570796327117797566e-05,2.692508713760864925e-06
1.900000000000000355e+01,5.290966430602369111e-03,9.022926972886628587e-04
1.910000000000000142e+01,1.570796327118002887e-05,2.665130691387613879e-06
1.920000000000000284e+01,5.235562822595463128e-03,8.838103888473302673e-04
1.930000000000000426e+01,1.570796327117878881e-05,2.638295828987145234e-06
1.940000000000000213e+01,5.181307467371526476e-03,8.658876718795721324e-04
1.950000000000000355e+01,1.570796327117649166e-05,2.611988359734093764e-06
1.960000000000000142e+01,5.128165034075701963e-03,8.485022790281546417e-04
1.970000000000000284e+01,1.570796327118004920e-05,2.586193111758588739e-06
1.980000000000000426e+01,5.076101626608657720e-03,8.316330349802678393e-04
1.990000000000000213e+01,1.570796327117855164e-05,2.560895480808410393e-06
2.000000000000000355e+01,5.025084711528316275e-03,8.152597930845775385e-04
2.010000000000000142e+01,1.570796327117894806e-05,2.536081404386326691e-06
2.020000000000000284e+01,4.975083050256005023e-03,7.993633762021998008e-04
2.030000000000000426e+01,1.570796327117990690e-05,2.511737337253852643e-06
2.040000000000000213e+01,4.926066635289961040e-03,7.839255214726257009e-04
2.050000000000000355e+01,1.570796327117871428e-05,2.487850228234117590e-06
2.060000000000000142e+01,4.878006630152956560e-03,7.689288287024086642e-04
2.070000000000000284e+01,1.570796327118156369e-05,2.464407498231412742e-06
2.080000000000000426e+01,4.830875312820968014e-03,7.543567121085002856e-04
2.090000000000000213e+01,1.570796327117901243e-05,2.441397019389116265e-06
2.100000000000000355e+01,4.784646022400060143e-03,7.401933551702836924e-04
2.110000000000000142e+01,1.570796327117892095e-05,2.418807095333001728e-06
2.120000000000000284e+01,4.739293108835902421e-03,7.264236683643298309e-04
2.130000000000000426e+01,1.570796327117747083e-05,2.396626442418016316e-06
2.140000000000000213e+01,4.694791885456469673e-03,7.130332495741406118e-04
2.150000000000000355e+01,1.570796327117648150e-05,2.374844171936468130e-06
2.160000000000000142e+01,4.651118584163587387e-03,7.000083469838093170e-04
2.170000000000000284e+01,1.570796327117953420e-05,2.353449773221864840e-06
2.180000000000000426e+01,4.608250313102328286e-03,6.873358242796700915e-04
2.190000000000000213e+01,1.570796327117880237e-05,2.332433097598697703e-06
2.200000000000000355e+01,4.566165016649915455e-03,6.750031279978735595e-04
2.210000000000000142e+01,1.570796327117637308e-05,2.311784343136368172e-06
2.220000000000000284e+01,4.524841437577145457e-03,6.629982568684525445e-04
2.230000000000000426e+01,1.570796327117665429e-05,2.291494040152375276e-06
2.240000000000000213e+01,4.484259081246005571e-03,6.513097330180471749e-04
2.250000000000000355e+01,1.570796327117855503e-05,2.271553037426765891e-06
2.260000000000000142e+01,4.444398181716722844e-03,6.399265749039944988e-04
2.270000000000000284e+01,1.570796327117752165e-05,2.251952489089519227e-06
2.280000000000000426e+01,4.405239669646519689e-03,6.288382718622171448e-04
2.290000000000000213e+01,1.570796327118040495e-05,2.232683842143897629e-06
2.300000000000000355e+01,4.366765141870528229e-03,6.180347601602030659e-04
2.310000000000000142e+01,1.570796327117857875e-05,2.213738824583008851e-06
2.320000000000000284e+01,4.328956832562925842e-03,6.075064004545262632e-04
2.330000000000000426e+01,1.570796327117860585e-05,2.195109434080934506e-06
2.340000000000000213e+01,4.291797585883330539e-03,5.972439565598175893e-04
2.350000000000000355e+01,1.570796327117859230e-05,2.176787927211677342e-06
2.360000000000000142e+01,4.255270830019965318e-03,5.872385754429678166e-04
2.370000000000000284e+01,1.570796327118078442e-05,2.158766809179817649e-06
2.380000000000000426e+01,4.219360552547103682e-03,5.774817683626510883e-04
2.390000000000000213e+01,1.570796327117963585e-05,2.141038824027127642e-06
2.400000000000000355e+01,4.184051277019791917e-03,5.679653930800505251e-04
2.410000000000000142e+01,1.570796327117833480e-05,2.123596945296940654e-06
2.420000000000000284e+01,4.149328040734012388e-03,5.586816370720153668e-04
2.430000000000000426e+01,1.570796327117869056e-05,2.106434367124585109e-06
2.440000000000000213e+01,4.115176373585020461e-03,5.496230016827718208e-04
2.450000000000000355e+01,1.570796327117651199e-05,2.089544495735794872e-06
2.460000000000000142e+01,4.081582277961312219e-03,5.407822871548803459e-04
2.470000000000000284e+01,1.570796327117925976e-05,2.072920941333925939e-06
2.480000000000000426e+01,4.048532209615284851e-03,5.321525784842506650e-04
2.490000000000000213e+01,1.570796327117876510e-05,2.056557510347018553e-06
2.500000000000000355e+01,4.016013059456004057e-03,5.237272320479490883e-04
2.510000000000000142e+01,1.570796327117878543e-05,2.040448198029091464e-06
2.520000000000000284e+01,3.984012136211902318e-03,5.154998629569549099e-04
2.530000000000000426e+01,1.570796327117907003e-05,2.024587181384822782e-06
2.540000000000000213e+01,3.952517149916826358e-03,5.074643330896052738e-04
2.550000000000000355e+01,1.570796327117808408e-05,2.008968812409121679e-06
2.560000000000000142e+01,3.921516196171806988e-03,4.996147397639779438e-04
2.570000000000000284e+01,1.570796327118006614e-05,1.993587611623803677e-06
2.580000000000000426e+01,3.890997741143082441e-03,4.919454050109692408e-04
2.590000000000000213e+01,1.570796327117910052e-05,1.978438261893040142e-06
2.600000000000000355e+01,3.860950607254187619e-03,4.844508654117219782e-04
2.610000000000000142e+01,1.570796327117851438e-05,1.963515602510904416e-06
2.620000000000000284e+01,3.831363959536396042e-03,4.771258624660001035e-04
2.630000000000000426e+01,1.570796327117814507e-05,1.948814623539166203e-06
2.640000000000000213e+01,3.802227292601774011e-03,4.699653334600277965e-04
2.650000000000000355e+01,1.570796327117577676e-05,1.934330460388690514e-06
2.660000000000000142e+01,3.773530418206180823e-03,4.629644028045106744e-04
2.670000000000000284e+01,1.570796327117895822e-05,1.920058388632043152e-06
2.680000000000000426e+01,3.745263453371211210e-03,4.561183738154294428e-04
2.690000000000000213e+01,1.570796327117892773e-05,1.905993819030178479e-06
2.700000000000000355e+01,3.717416809036034643e-03,4.494227209119919350e-04
2.710000000000000142e+01,1.570796327117813829e-05,1.892132292773895351e-06
2.720000000000000284e+01,3.689981179211726785e-03,4.428730822077706878e-04
2.730000000000000426e+01,1.570796327117708797e-05,1.878469476918436042e-06
2.740000000000000213e+01,3.662947530612341556e-03,4.364652524725981422e-04
2.750000000000000355e+01,1.570796327118043883e-05,1.865001160009139178e-06
2.760000000000000142e+01,3.636307092738426394e-03,4.301951764442043776e-04
2.770000000000000284e+01,1.570796327117843645e-05,1.851723247883874579e-06
2.780000000000000426e+01,3.610051348390153070e-03,4.240589424699286493e-04
2.790000000000000213e+01,1.570796327118002548e-05,1.838631759652885765e-06
2.800000000000000355e+01,3.584172024588472803e-03,4.180527764600489547e-04
2.810000000000000142e+01,1.570796327118026265e-05,1.825722823834042469e-06
2.820000000000000284e+01,3.558661083884002898e-03,4.121730361354419684e-04
2.830000000000000426e+01,1.570796327117869395e-05,1.812992674649757223e-06
2.840000000000000213e+01,3.533510716034396829e-03,4.064162055533363893e-04
2.850000000000000355e+01,1.570796327117882608e-05,1.800437648470049855e-06
2.860000000000000142e+01,3.508713330032187452e-03,4.007788898959460124e-04
2.870000000000000284e+01,1.570796327118067600e-05,1.788054180396397545e-06
2.880000000000000426e+01,3.484261546465930882e-03,3.952578105076683460e-04
2.890000000000000213e+01,1.570796327117978492e-05,1.775838800981450657e-06
2.900000000000000355e+01,3.460148190198553651e-03,3.898498001674294950e-04
2.910000000000000142e+01,1.570796327117913779e-05,1.763788133079152261e-06
2.920000000000000284e+01,3.436366283347605521e-03,3.845517985835458200e-04
2.930000000000000426e+01,1.570796327117951049e-05,1.751898888815517499e-06
2.940000000000000213e+01,3.412909038553026651e-03,3.793608480992392471e-04
2.950000000000000355e+01,1.570796327117634258e-05,1.740167866677763563e-06
2.960000000000000142e+01,3.389769852518754317e-03,3.742740895976456698e-04
2.970000000000000284e+01,1.570796327117740984e-05,1.728591948718082420e-06
2.980000000000000426e+01,3.366942299815291889e-03,3.692887585958143717e-04
2.990000000000000213e+01,1.570796327117788418e-05,1.717168097860021399e-06
3.000000000000000355e+01,3.344420126930991184e-03,3.644021815178152628e-04
3.010000000000000142e+01,1.570796327117814846e-05,1.705893355312217593e-06
3.020000000000000284e+01,3.322197246560465878e-03,3.596117721376419340e-04
3.030000000000000426e+01,1.570796327117774188e-05,1.694764838077592443e-06
3.040000000000000213e+01,3.300267732119321722e-03,3.549150281831584702e-04
3.050000000000000355e+01,1.570796327117770461e-05,1.683779736557283783e-06
3.060000000000000142e+01,3.278625812474503329e-03,3.503095280927947370e-04
3.070000000000000284e+01,1.570796327117927670e-05,1.672935312243945156e-06
3.080000000000000426e+01,3.257265866880809397e-03,3.457929279172403179e-04
3.090000000000000213e+01,1.570796327117922588e-05,1.662228895500561999e-06
3.100000000000000355e+01,3.236182420113951647e-03,3.413629583587610584e-04
3.110000000000000142e+01,1.570796327117921572e-05,1.651657883422973318e-06
3.120000000000000284e+01,3.215370137791418847e-03,3.370174219412186748e-04
3.130000000000000426e+01,1.570796327117870750e-05,1.641219737779322590e-06
3.140000000000000213e+01,3.194823821872748524e-03,3.327541903042522211e-04
3.150000000000000355e+01,1.570796327117604443e-05,1.630911983025749038e-06
3.160000000000000142e+01,3.174538406331199776e-03,3.285712016154407008e-04
3.170000000000000284e+01,1.570796327117815185e-05,1.620732204395143129e-06
3.180000000000000426e+01,3.154508952989294127e-03,3.244664580946201595e-04
3.190000000000000213e+01,1.570796327118056419e-05,1.610678046051979103e-06
3.200000000000000000e+01,3.134730647510984135e-03,3.204380236448364522e-04
3.210000000000000142e+01,1.570796327117652215e-05,1.600747209316459156e-06
3.220000000000000284e+01,3.115198795543688663e-03,3.164840215847319546e-04
3.230000000000000426e+01,1.570796327117977137e-05,1.590937450953541615e-06
3.240000000000000568e+01,3.095908819003610236e-03,3.126026324774347780e-04
3.250000000000000000e+01,1.570796327117218535e-05,1.581246581515222494e-06
3.260000000000000142e+01,3.076856252498247780e-03,3.087920920512985030e-04
3.270000000000000284e+01,1.570796327118515173e-05,1.571672463754806602e-06
3.280000000000000426e+01,3.058036739880180647e-03,3.050506892080809751e-04
3.290000000000000568e+01,1.570796327117859908e-05,1.562213011076792140e-06
3.300000000000000000e+01,3.039446030926536407e-03,3.013767641143925372e-04
3.310000000000000142e+01,1.570796327117944611e-05,1.552866186066595573e-06
3.320000000000000284e+01,3.021079978138873148e-03,2.977687063724686681e-04
3.330000000000000426e+01,1.570796327117772494e-05,1.543629999047559850e-06
3.340000000000000568e+01,3.002934533658346318e-03,2.942249532665198596e-04
3.350000000000000000e+01,1.570796327117786047e-05,1.534502506703017515e-06
3.360000000000000142e+01,2.985005746291398247e-03,2.907439880811235849e-04
3.370000000000000284e+01,1.570796327117944272e-05,1.525481810738870996e-06
3.380000000000000426e+01,2.967289758641346482e-03,2.873243384882955952e-04
3.390000000000000568e+01,1.570796327117867023e-05,1.516566056593902571e-06
3.400000000000000000e+01,2.949782804341525427e-03,2.839645750000635615e-04
3.410000000000000142e+01,1.570796327117987302e-05,1.507753432194908681e-06
3.420000000000000284e+01,2.932481205385772862e-03,2.806633094835172160e-04
3.430000000000000426e+01,1.570796327117839240e-05,1.499042166751199246e-06
3.440000000000000568e+01,2.915381369552330886e-03,2.774191937354826207e-04
3.450000000000000000e+01,1.570796327117706425e-05,1.490430529592846882e-06
3.460000000000000142e+01,2.898479787917334054e-03,2.742309181140931964e-04
3.470000000000000284e+01,1.570796327117835513e-05,1.481916829045499972e-06
3.480000000000000426e+01,2.881773032454301633e-03,2.710972102246916415e-04
3.490000000000000568e+01,1.570796327117958841e-05,1.473499411342939328e-06
3.500000000000000000e+01,2.865257753716150216e-03,2.680168336576037682e-04
3.510000000000000142e+01,1.570796327117680337e-05,1.465176659576434401e-06
3.520000000000000284e+01,2.848930678596464129e-03,2.649885867754687269e-04
3.530000000000000426e+01,1.570796327117768428e-05,1.456946992679538085e-06
3.540000000000000568e+01,2.832788608166905437e-03,2.620113015479174777e-04
3.550000000000000000e+01,1.570796327117910391e-05,1.448808864442870935e-06
3.560000000000000142e+01,2.816828415587633704e-03,2.590838424314896517e-04
3.570000000000000284e+01,1.570796327118283763e-05,1.440760762564505534e-06
3.580000000000000426e+01,2.801047044088057075e-03,2.562051052928128437e-04
3.590000000000000568e+01,1.570796327117414369e-05,1.432801207727748583e-06
3.600000000000000000e+01,2.785441505015035478e-03,2.533740163731353816e-04
3.610000000000000142e+01,1.570796327117885319e-05,1.424928752715780971e-06
3.620000000000000284e+01,2.770008875945969857e-03,2.505895312924138270e-04
3.630000000000000426e+01,1.570796327117817556e-05,1.417141981541855959e-06
3.640000000000000568e+01,2.754746298864269461e-03,2.478506340912399442e-04
3.650000000000000000e+01,1.570796327117745728e-05,1.409439508621080518e-06
3.660000000000000142e+01,2.739650978394799798e-03,2.451563363089745472e-04
3.670000000000000284e+01,1.570796327117877865e-05,1.401819977959904334e-06
3.680000000000000426e+01,2.724720180097036162e-03,2.425056760965356190e-04
3.690000000000000568e+01,1.570796327117896500e-05,1.394282062373469404e-06
3.700000000000000000e+01,2.709951228813717913e-03,2.398977173623603341e-04
3.710000000000000142e+01,1.570796327117280199e-05,1.386824462728018478e-06
3.720000000000000284e+01,2.695341507072916178e-03,2.373315489501345572e-04
3.730000000000000426e+01,1.570796327118771993e-05,1.379445907209756549e-06
3.740000000000000568e+01,2.680888453541507063e-03,2.348062838469463555e-04
3.750000000000000000e+01,1.570796327116511431e-05,1.372145150603058710e-06
3.760000000000000142e+01,2.666589561528144321e-03,2.323210584205861182e-04
3.770000000000000284e+01,1.570796327119150447e-05,1.364920973621434197e-06
3.780000000000000426e+01,2.652442377533869699e-03,2.298750316847757787e-04
3.790000000000000568e+01,1.570796327116834998e-05,1.357772182210560997e-06
3.800000000000000000e+01,2.638444499848618865e-03,2.274673845911643038e-04
3.810000000000000142e+01,1.570796327118388118e-05,1.350697606933065491e-06
3.820000000000000284e+01,2.624593577191938060e-03,2.250973193469831056e-04
3.830000000000000426e+01,1.570796327117861263e-05,1.343696102311628282e-06
3.840000000000000568e+01,2.610887307396278674e-03,2.227640587573060380e-04
3.850000000000000711e+01,1.570796327117829753e-05,1.336766546240335053e-06
3.860000000000000142e+01,2.597323436131343619e-03,2.204668455909043171e-04
3.870000000000000284e+01,1.570796327117848049e-05,1.329907839384294108e-06
3.880000000000000426e+01,2.583899755667974554e-03,2.182049419687363833e-04
3.890000000000000568e+01,1.570796327117946983e-05,1.323118904609976642e-06
3.900000000000000711e+01,2.570614103680186543e-03,2.159776287741561776e-04
3.910000000000000142e+01,1.570796327117881931e-05,1.316398686429033312e-06
3.920000000000000284e+01,2.557464362083956746e-03,2.137842050839608931e-04
3.930000000000000426e+01,1.570796327118264790e-05,1.309746150460233071e-06
3.940000000000000568e+01,2.544448455911478644e-03,2.116239876194446706e-04
3.950000000000000711e+01,1.570796327117600377e-05,1.303160282903947203e-06
3.960000000000000142e+01,2.531564352219606382e-03,2.094963102166572274e-04
3.970000000000000284e+01,1.570796327117896500e-05,1.296640090039203389e-06
3.980000000000000426e+01,2.518810059031308286e-03,2.074005233151056588e-04
3.990000000000000568e+01,1.570796327117923605e-05,1.290184597725346582e-06
4.000000000000000711e+01,2.506183624308933912e-03,2.053359934641682018e-04
4.010000000000000142e+01,1.570796327117899210e-05,1.283792850927599120e-06
4.020000000000000284e+01,2.493683134958243810e-03,2.033021028465265012e-04
4.030000000000000426e+01,1.570796327117916828e-05,1.277463913251315217e-06
4.040000000000000568e+01,2.481306715862028472e-03,2.012982488179421983e-04
4.050000000000000711e+01,1.570796327117933092e-05,1.271196866490972974e-06
4.060000000000000142e+01,2.469052528942451263e-03,1.993238434627531217e-04
4.070000000000000284e+01,1.570796327118037785e-05,1.264990810192379685e-06
4.080000000000000426e+01,2.456918772250970846e-03,1.973783131644671297e-04
4.090000000000000568e+01,1.570796327117863296e-05,1.258844861226732422e-06
4.100000000000000711e+01,2.444903679084969254e-03,1.954610981908760751e-04
4.110000000000000142e+01,1.570796327117782320e-05,1.252758153378259317e-06
4.120000000000000284e+01,2.433005517130212153e-03,1.935716522931347832e-04
4.130000000000000426e+01,1.570796327117824671e-05,1.246729836941752706e-06
4.140000000000000568e+01,2.421222587628183310e-03,1.917094423182655414e-04
4.150000000000000711e+01,1.570796327117794517e-05,1.240759078332432736e-06
4.160000000000000142e+01,2.409553224567520004e-03,1.898739478345808855e-04
4.170000000000000284e+01,1.570796327117878881e-05,1.234845059707168848e-06
4.180000000000000426e+01,2.397995793898708480e-03,1.880646607695337551e-04
4.190000000000000568e+01,1.570796327117922927e-05,1.228986978595269548e-06
4.200000000000000711e+01,2.386548692771271393e-03,1.862810850595268870e-04
4.210000000000000142e+01,1.570796327117865329e-05,1.223184047540466142e-06
4.220000000000000284e+01,2.375210348792697844e-03,1.845227363112339957e-04
4.230000000000000426e+01,1.570796327117810441e-05,1.217435493752552865e-06
4.240000000000000568e+01,2.363979219308394355e-03,1.827891414739988174e-04
4.250000000000000711e+01,1.570796327117369984e-05,1.211740558768091947e-06
4.260000000000000142e+01,2.352853790701974618e-03,1.810798385229058199e-04
4.270000000000000284e+01,1.570796327118283086e-05,1.206098498122959364e-06
4.280000000000000426e+01,2.341832577715203655e-03,1.793943761521222646e-04
4.290000000000000568e+01,1.570796327117827721e-05,1.200508581026827527e-06
4.300000000000000711e+01,2.330914122786967562e-03,1.777323134781364595e-04
4.310000000000000142e+01,1.570796327117984252e-05,1.194970090058505540e-06
4.320000000000000284e+01,2.320096995410656469e-03,1.760932197525288056e-04
4.330000000000000426e+01,1.570796327117734208e-05,1.189482320856768988e-06
4.340000000000000568e+01,2.309379791509339700e-03,1.744766740839255744e-04
4.350000000000000711e+01,1.570796327117850421e-05,1.184044581828969388e-06
4.360000000000000142e+01,2.298761132828190581e-03,1.728822651688050613e-04
4.370000000000000284e+01,1.570796327118034058e-05,1.178656193861734529e-06
4.380000000000000426e+01,2.288239666343592788e-03,1.713095910308324796e-04
4.390000000000000568e+01,1.570796327117938513e-05,1.173316490042323854e-06
4.400000000000000711e+01,2.277814063688399573e-03,1.697582587684192323e-04
4.410000000000000142e+01,1.570796327117909036e-05,1.168024815387201838e-06
4.420000000000000284e+01,2.267483020592824580e-03,1.682278843102092477e-04
4.430000000000000426e+01,1.570796327117944611e-05,1.162780526576504589e-06
4.440000000000000568e+01,2.257245256340488070e-03,1.667180921782107823e-04
4.450000000000000711e+01,1.570796327117832803e-05,1.157582991696388102e-06
4.460000000000000142e+01,2.247099513239120706e-03,1.652285152583019923e-04
4.470000000000000284e+01,1.570796327117954776e-05,1.152431589988657171e-06
4.480000000000000426e+01,2.237044556105491615e-03,1.637587945778483823e-04
4.490000000000000568e+01,1.570796327117955453e-05,1.147325711605389903e-06
4.500000000000000711e+01,2.227079171764085024e-03,1.623085790901828752e-04
4.510000000000000142e+01,1.570796327117883286e-05,1.142264757371771029e-06
4.520000000000000284e+01,2.217202168559144222e-03,1.608775254657073483e-04
4.530000000000000426e+01,1.570796327117900227e-05,1.137248138554046174e-06
4.540000000000000568e+01,2.207412375879571134e-03,1.594652978893797677e-04
4.550000000000000711e+01,1.570796327117830770e-05,1.132275276633371892e-06
4.560000000000000142e+01,2.197708643696474201e-03,1.580715678643776977e-04
4.570000000000000284e+01,1.570796327117971039e-05,1.127345603086396227e-06
4.580000000000000426e+01,2.188089842112746555e-03,1.566960140217075201e-04
4.590000000000000568e+01,1.570796327117834158e-05,1.122458559169992492e-06
4.600000000000000711e+01,2.178554860924476755e-03,1.553383219355665662e-04
4.610000000000000142e+01,1.570796327117841612e-05,1.117613595713598131e-06
4.620000000000000284e+01,2.169102609193760117e-03,1.539981839442554964e-04
4.630000000000000426e+01,1.570796327117846694e-05,1.112810172914586378e-06
4.640000000000000568e+01,2.159732014832601004e-03,1.526752989764537942e-04
4.650000000000000711e+01,1.570796327117791806e-05,1.108047760140334777e-06
4.660000000000000142e+01,2.150442024197522697e-03,1.513693723826725157e-04
4.670000000000000284e+01,1.570796327117834497e-05,1.103325835734912784e-06
4.680000000000000426e+01,2.141231601694613788e-03,1.500801157717114446e-04
4.690000000000000568e+01,1.570796327117829753e-05,1.098643886830182402e-06
4.700000000000000711e+01,2.132099729394683688e-03,1.488072468519514098e-04
4.710000000000000142e+01,1.570796327117848727e-05,1.094001409162345675e-06
4.720000000000000284e+01,2.123045406658203259e-03,1.475504892773175090e-04
4.730000000000000426e+01,1.570796327117870750e-05,1.089397906892495881e-06
4.740000000000000568e+01,2.114067649769784708e-03,1.463095724977597409e-04
4.750000000000000711e+01,1.570796327117882947e-05,1.084832892431902168e-06
4.760000000000000142e+01,2.105165491581872418e-03,1.450842316140966580e-04
4.770000000000000284e+01,1.570796327117839240e-05,1.080305886271523633e-06
4.780000000000000426e+01,2.096337981167420515e-03,1.438742072370814977e-04
4.790000000000000568e+01,1.570796327118025249e-05,1.075816416815994884e-06
4.800000000000000711e+01,2.087584183481251861e-03,1.426792453505476793e-04
4.810000000000000142e+01,1.570796327117870072e-05,1.071364020220627470e-06
4.820000000000000284e+01,2.078903179029875994e-03,1.414990971785006608e-04
4.830000000000000426e+01,1.570796327117853470e-05,1.066948240234498295e-06
4.840000000000000568e+01,2.070294063549510139e-03,1.403335190560271630e-04
4.850000000000000711e+01,1.570796327117838563e-05,1.062568628044936280e-06
4.860000000000000142e+01,2.061755947692060428e-03,1.391822723038965096e-04
4.870000000000000284e+01,1.570796327118010002e-05,1.058224742127532727e-06
4.880000000000000426e+01,2.053287956718846067e-03,1.380451231067338427e-04
4.890000000000000568e+01,1.570796327117923944e-05,1.053916148098509621e-06
4.900000000000000711e+01,2.044889230201846556e-03,1.369218423946506435e-04
4.910000000000000142e+01,1.570796327117899210e-05,1.049642418572200194e-06
4.920000000000000284e+01,2.036558921732224345e-03,1.358122057282179290e-04
4.930000000000000426e+01,1.570796327117933430e-05,1.045403133020296829e-06
4.940000000000000568e+01,2.028296198635983275e-03,1.347159931866799662e-04
4.950000000000000711e+01,1.570796327117777576e-05,1.041197877635226967e-06
4.960000000000000142e+01,2.020100241696479171e-03,1.336329892592989462e-04
4.970000000000000284e+01,1.570796327117876849e-05,1.037026245197342371e-06
4.980000000000000426e+01,2.011970244883642955e-03,1.325629827397337699e-04
4.990000000000000568e+01,1.570796327117895822e-05,1.032887834943674759e-06
5.000000000000000711e+01,2.003905415089768383e-03,1.315057666233604102e-04
5.010000000000000142e+01,1.570796327117858891e-05,1.028782252441487543e-06
5.020000000000000284e+01,1.995904971871444600e-03,1.304611380074241023e-04
5.030000000000000426e+01,1.570796327117905648e-05,1.024709109463903659e-06
5.040000000000000568e+01,1.987968147198054206e-03,1.294288979939738939e-04
5.050000000000000711e+01,1.570796327117888029e-05,1.020668023868337912e-06
5.060000000000000142e+01,1.980094185205629864e-03,1.284088515954241911e-04
5.070000000000000284e+01,1.570796327117996450e-05,1.016658619478428209e-06
5.080000000000000426e+01,1.972282341957143706e-03,1.274008076427419979e-04
5.090000000000000568e+01,1.570796327117926993e-05,1.012680525967770332e-06
5.100000000000000711e+01,1.964531885208064665e-03,1.264045786961126409e-04
5.110000000000000142e+01,1.570796327117886674e-05,1.008733378747523654e-06
5.120000000000000284e+01,1.956842094177581835e-03,1.254199809580435138e-04
5.130000000000000426e+01,1.570796327117918861e-05,1.004816818855531141e-06
5.140000000000000568e+01,1.949212259325131978e-03,1.244468341888153623e-04
5.150000000000000711e+01,1.570796327117803326e-05,1.000930492848350389e-06
5.160000000000000142e+01,1.941641682132134441e-03,1.234849616242145415e-04
5.170000000000000284e+01,1.570796327117936818e-05,9.970740526963814162e-07
5.180000000000000426e+01,1.934129674888814682e-03,1.225341898954742260e-04
5.190000000000000568e+01,1.570796327117828059e-05,9.932471556798715575e-07
5.200000000000000711e+01,1.926675560485927724e-03,1.215943489513574217e-04
5.210000000000000142e+01,1.570796327117842628e-05,9.894494642893331906e-07
5.220000000000000284e+01,1.919278672211300902e-03,1.206652719823166574e-04
5.230000000000000426e+01,1.570796327117771139e-05,9.856806461262132395e-07
5.240000000000000568e+01,1.911938353551037584e-03,1.197467953466679490e-04
5.250000000000000711e+01,1.570796327117892434e-05,9.819403738073719993e-07
5.260000000000000142e+01,1.904653957995260886e-03,1.188387584987169360e-04
5.270000000000000284e+01,1.570796327117924960e-05,9.782283248703812521e-07
5.280000000000000426e+01,1.897424848848288954e-03,1.179410039187796494e-04
5.290000000000000568e+01,1.570796327117863635e-05,9.745441816821171307e-07
5.300000000000000711e+01,1.890250399043100866e-03,1.170533770450398083e-04
5.310000000000000142e+01,1.570796327117994417e-05,9.708876313488806052e-07
5.320000000000000284e+01,1.883129990960021169e-03,1.161757262071899958e-04
5.330000000000000426e+01,1.570796327117931736e-05,9.672583656279102804e-07
5.340000000000000568e+01,1.876063016249458672e-03,1.153079025618005109e-04
5.350000000000000711e+01,1.570796327117839918e-05,9.636560808421975628e-07
5.360000000000000142e+01,1.869048875658640106e-03,1.144497600293674594e-04
5.370000000000000284e+01,1.570796327117918861e-05,9.600804777961145557e-07
5.380000000000000426e+01,1.862086978862205911e-03,1.136011552329888697e-04
5.390000000000000568e+01,1.570796327117859569e-05,9.565312616928793809e-07
5.400000000000000711e+01,1.855176744296587084e-03,1.127619474386216568e-04
5.410000000000000142e+01,1.570796327117818911e-05,9.530081420547505340e-07
5.420000000000000284e+01,1.848317598998037948e-03,1.119319984968721623e-04
5.430000000000000426e+01,1.570796327117997466e-05,9.495108326441149658e-07
5.440000000000000568e+01,1.841508978444279538e-03,1.111111727862774739e-04
5.450000000000000711e+01,1.570796327117807731e-05,9.460390513860467187e-07
5.460000000000000142e+01,1.834750326399585537e-03,1.102993371580305481e-04
5.470000000000000284e+01,1.570796327117870411e-05,9.425925202942389778e-07
5.480000000000000426e+01,1.828041094763314684e-03,1.094963608821116933e-04
5.490000000000000568e+01,1.570796327117819589e-05,9.391709653960279962e-07
5.500000000000000711e+01,1.821380743421715728e-03,1.087021155947818379e-04
5.510000000000000142e+01,1.570796327117788757e-05,9.357741166612236933e-07
5.520000000000000284e+01,1.814768740102967433e-03,1.079164752474000559e-04
5.530000000000000426e+01,1.570796327117857536e-05,9.324017079312499486e-07
5.540000000000000568e+01,1.808204560235415455e-03,1.071393160565304263e-04
5.550000000000000711e+01,1.570796327117880914e-05,9.290534768500325364e-07
5.560000000000000142e+01,1.801687686808766276e-03,1.063705164552918215e-04
5.570000000000000284e+01,1.570796327118047272e-05,9.257291647967788034e-07
5.580000000000000426e+01,1.795217610238383690e-03,1.056099570459281687e-04
5.590000000000000568e+01,1.570796327117821283e-05,9.224285168192381422e-07
5.600000000000000711e+01,1.788793828232430449e-03,1.048575205535541761e-04
5.610000000000000142e+01,1.570796327117803326e-05,9.191512815700788060e-07
5.620000000000000284e+01,1.782415845661878282e-03,1.041130917810480233e-04
5.630000000000000426e+01,1.570796327117884641e-05,9.158972112424439476e-07
5.640000000000000568e+01,1.776083174433276983e-03,1.033765575650578251e-04
5.650000000000000711e+01,1.570796327117671189e-05,9.126660615081781423e-07
5.660000000000000142e+01,1.769795333364240515e-03,1.026478067330904002e-04
5.670000000000000284e+01,1.570796327117915473e-05,9.094575914579301934e-07
5.680000000000000426e+01,1.763551848061544521e-03,1.019267300616514047e-04
5.690000000000000568e+01,1.570796327117968328e-05,9.062715635402057244e-07
5.700000000000000711e+01,1.757352250801820937e-03,1.012132202354093041e-04
5.710000000000000142e+01,1.570796327117891079e-05,9.031077435043673668e-07
5.720000000000000284e+01,1.751196080414744961e-03,1.005071718073526923e-04
5.730000000000000426e+01,1.570796327117863635e-05,8.999659003432629950e-07
5.740000000000000568e+01,1.745082882168666688e-03,9.980848115991440583e-05
5.750000000000000711e+01,1.570796327117515335e-05,8.968458062369959743e-07
5.760000000000000142e+01,1.739012207658638181e-03,9.911704646703581930e-05
5.770000000000000284e+01,1.570796327118282408e-05,8.937472364995727779e-07
5.780000000000000426e+01,1.732983614696765283e-03,9.843276765714535214e-05
5.790000000000000568e+01,1.570796327117848727e-05,8.906699695221500863e-07
5.800000000000000711e+01,1.726996667204831054e-03,9.775554637702553408e-05
5.810000000000000142e+01,1.570796327117980187e-05,8.876137867250178655e-07
5.820000000000000284e+01,1.721050935109138570e-03,9.708528595654558895e-05
5.830000000000000426e+01,1.570796327117703037e-05,8.845784725022973270e-07
5.840000000000000568e+01,1.715145994237515402e-03,9.642189137423403127e-05
5.850000000000000711e+01,1.570796327117835513e-05,8.815638141741386238e-07
5.860000000000000142e+01,1.709281426218434890e-03,9.576526922367079768e-05
5.870000000000000284e+01,1.570796327117833480e-05,8.785696019355833533e-07
5.880000000000000426e+01,1.703456818382196539e-03,9.511532768067483047e-05
5.890000000000000568e+01,1.570796327117859569e-05,8.755956288093672465e-07
5.900000000000000711e+01,1.697671763664122162e-03,9.447197647126660803e-05
5.910000000000000142e+01,1.570796327117771478e-05,8.726416905979644446e-07
5.920000000000000284e+01,1.691925860509713555e-03,9.383512684038454834e-05
5.930000000000000426e+01,1.570796327117747422e-05,8.697075858374919663e-07
5.940000000000000568e+01,1.686218712781736590e-03,9.320469152133506485e-05
5.950000000000000711e+01,1.570796327117985608e-05,8.667931157520278443e-07
5.960000000000000142e+01,1.680549929669169704e-03,9.258058470595690833e-05
5.970000000000000284e+01,1.570796327117652893e-05,8.638980842084194824e-07
5.980000000000000426e+01,1.674919125597993134e-03,9.196272201548031972e-05
5.990000000000000568e+01,1.570796327117928009e-05,8.610222976742382105e-07
6.000000000000000711e+01,1.669325920143752357e-03,9.135102047206294191e-05
6.010000000000000142e+01,1.570796327117919539e-05,8.581655651726662039e-07
6.020000000000000284e+01,1.663769937945875320e-03,9.074539847098438443e-05
6.030000000000000426e+01,1.570796327117921572e-05,8.553276982422706771e-07
6.040000000000000568e+01,1.658250808623715732e-03,9.014577575348363858e-05
6.050000000000000711e+01,1.570796327118014407e-05,8.525085108950393304e-07
6.060000000000000142e+01,1.652768166694203568e-03,8.955207338021774059e-05
6.070000000000000284e+01,1.570796327118347121e-05,8.497078195761481905e-07
6.080000000000000426e+01,1.647321651491187155e-03,8.896421370533219564e-05
6.090000000000000568e+01,1.570796327117840257e-05,8.469254431236601010e-07
6.100000000000000711e+01,1.641910907086328690e-03,8.838212035112189924e-05
6.110000000000000142e+01,1.570796327117703037e-05,8.441612027315956734e-07
6.120000000000000284e+01,1.636535582211564709e-03,8.780571818326934192e-05
6.130000000000000426e+01,1.570796327117712863e-05,8.414149219098418420e-07
6.140000000000000568e+01,1.631195330183077925e-03,8.723493328664471531e-05
6.150000000000000711e+01,1.570796327118325437e-05,8.386864264479490399e-07
6.160000000000000142e+01,1.625889808826761363e-03,8.666969294165379780e-05
6.170000000000000284e+01,1.570796327117645778e-05,8.359755443768887205e-07
6.180000000000000426e+01,1.620618680405122971e-03,8.610992560111873913e-05
6.190000000000000568e+01,1.570796327117832464e-05,8.332821059365506916e-07
6.200000000000000711e+01,1.615381611545617033e-03,8.555556086767915358e-05
6.210000000000000142e+01,1.570796327117864990e-05,8.306059435366495803e-07
6.220000000000000284e+01,1.610178273170350359e-03,8.500652947169881732e-05
6.230000000000000426e+01,1.570796327119676285e-05,8.279468917254225185e-07
6.240000000000000568e+01,1.605008340427149576e-03,8.446276324966627404e-05
6.250000000000000711e+01,1.570796327119313078e-05,8.253047871510558977e-07
6.260000000000000142e+01,1.599871492621948114e-03,8.392419512307640621e-05
6.270000000000000284e+01,1.570796327116454172e-05,8.226794685334569376e-07
6.280000000000000426e+01,1.594767413152471842e-03,8.339075907778035460e-05
6.290000000000000568e+01,1.570796327116082494e-05,8.200707766324635866e-07
6.300000000000000711e+01,1.589695789443181309e-03,8.286239014379255096e-05
6.310000000000000142e+01,1.570796327117936141e-05,8.174785542102895156e-07
6.320000000000000284e+01,1.584656312881464919e-03,8.233902437554319520e-05
6.330000000000000426e+01,1.570796327117956470e-05,8.149026460009028190e-07
6.340000000000000568e+01,1.579648678755024094e-03,8.182059883256442693e-05
6.350000000000000711e+01,1.570796327118150271e-05,8.123428986843273521e-07
6.360000000000000142e+01,1.574672586190457120e-03,8.130705156060027104e-05
6.370000000000000284e+01,1.570796327117444862e-05,8.097991608516227893e-07
6.380000000000000426e+01,1.569727738092990951e-03,8.079832157312910861e-05
6.390000000000000568e+01,1.570796327118065906e-05,8.072712829784969011e-07
6.400000000000000000e+01,1.564813841087349909e-03,8.029434883328868500e-05
6.409999999999999432e+01,1.570796327118053709e-05,8.047591173923033501e-07
6.420000000000000284e+01,1.559930605459729615e-03,7.979507423619355843e-05
6.429999999999999716e+01,1.570796327117969683e-05,8.022625182468984712e-07
6.439999999999999147e+01,1.555077745100850355e-03,7.930043959163515007e-05
6.450000000000000000e+01,1.570796327117435714e-05,7.997813414927838894e-07
6.459999999999999432e+01,1.550254977450072746e-03,7.881038760715532870e-05
6.470000000000000284e+01,1.570796327117759958e-05,7.973154448508882034e-07
6.479999999999999716e+01,1.545462023440556188e-03,7.832486187148423326e-05
6.489999999999999147e+01,1.570796327117850760e-05,7.948646877834304281e-07
6.500000000000000000e+01,1.540698607445416951e-03,7.784380683833303600e-05
6.509999999999999432e+01,1.570796327117871428e-05,7.924289314692244321e-07
6.520000000000000284e+01,1.535964457224900425e-03,7.736716781053390782e-05
6.529999999999999716e+01,1.570796327117784353e-05,7.900080387768606033e-07
6.539999999999999147e+01,1.531259303874482960e-03,7.689489092451635738e-05
6.550000000000000000e+01,1.570796327118097416e-05,7.876018742394762321e-07
6.559999999999999432e+01,1.526582881773989181e-03,7.642692313511643379e-05
6.570000000000000284e+01,1.570796327117745389e-05,7.852103040285566760e-07
6.579999999999999716e+01,1.521934928537578167e-03,7.596321220070513199e-05
6.589999999999999147e+01,1.570796327117986285e-05,7.828331959312009953e-07
6.600000000000000000e+01,1.517315184964667264e-03,7.550370666863207058e-05
6.609999999999999432e+01,1.570796327117947322e-05,7.804704193236497386e-07
6.620000000000000284e+01,1.512723394991747532e-03,7.504835586097595814e-05
6.629999999999999716e+01,1.570796327117896500e-05,7.781218451491179845e-07
6.639999999999999147e+01,1.508159305645064398e-03,7.459710986059375738e-05
6.650000000000000000e+01,1.570796327117908019e-05,7.757873458937435233e-07
6.659999999999999432e+01,1.503622666994158721e-03,7.414991949746244820e-05
6.670000000000000284e+01,1.570796327117920555e-05,7.734667955636555577e-07
6.679999999999999716e+01,1.499113232106237059e-03,7.370673633530542104e-05
6.689999999999999147e+01,1.570796327118041512e-05,7.711600696625700463e-07
6.700000000000000000e+01,1.494630757001363984e-03,7.326751265849767276e-05
6.709999999999999432e+01,1.570796327117784353e-05,7.688670451692578853e-07
6.720000000000000284e+01,1.490175000608456478e-03,7.283220145924222926e-05
6.729999999999999716e+01,1.570796327117910052e-05,7.665876005166868289e-07
6.739999999999999147e+01,1.485745724722062214e-03,7.240075642501259069e-05
6.750000000000000000e+01,1.570796327117534647e-05,7.643216155692238088e-07
6.759999999999999432e+01,1.481342693959901338e-03,7.197313192625325734e-05
6.770000000000000284e+01,1.570796327118248527e-05,7.620689716036405381e-07
6.779999999999999716e+01,1.476965675721171080e-03,7.154928300433428421e-05
6.789999999999999147e+01,1.570796327117908019e-05,7.598295512854585282e-07
6.800000000000000000e+01,1.472614440145578098e-03,7.112916535975213916e-05
6.809999999999999432e+01,1.570796327117905309e-05,7.576032386522045177e-07
6.820000000000000284e+01,1.468288760073096577e-03,7.071273534057216192e-05
6.829999999999999716e+01,1.570796327117830431e-05,7.553899190908980309e-07
6.839999999999999147e+01,1.463988411004435398e-03,7.029994993110675586e-05
6.850000000000000000e+01,1.570796327117811458e-05,7.531894793196090354e-07
6.859999999999999432e+01,1.459713171062188789e-03,6.989076674082322720e-05
6.870000000000000284e+01,1.570796327118046933e-05,7.510018073679946072e-07
6.879999999999999716e+01,1.455462820952678916e-03,6.948514399347727394e-05
6.889999999999999147e+01,1.570796327117859908e-05,7.488267925579433807e-07
6.900000000000000000e+01,1.451237143928453977e-03,6.908304051646560549e-05
6.909999999999999432e+01,1.570796327117901243e-05,7.466643254860486372e-07
6.920000000000000284e+01,1.447035925751437042e-03,6.868441573039309883e-05
6.929999999999999716e+01,1.570796327117891079e-05,7.445142980042704369e-07
6.939999999999999147e+01,1.442858954656719983e-03,6.828922963885027640e-05
6.950000000000000000e+01,1.570796327117734208e-05,7.423766032025223154e-07
6.959999999999999432e+01,1.438706021316976712e-03,6.789744281839472234e-05
6.970000000000000284e+01,1.570796327117885319e-05,7.402511353912011235e-07
6.979999999999999716e+01,1.434576918807487248e-03,6.750901640873327946e-05
6.989999999999999147e+01,1.570796327117916828e-05,7.381377900831707419e-07
7.000000000000000000e+01,1.430471442571771114e-03,6.712391210310016153e-05
7.009999999999999432e+01,1.570796327117929365e-05,7.360364639773836409e-07
7.020000000000000284e+01,1.426389390387809014e-03,6.674209213882577676e-05
7.029999999999999716e+01,1.570796327117965618e-05,7.339470549418473652e-07
7.039999999999999147e+01,1.422330562334805969e-03,6.636351928809157321e-05
7.050000000000000000e+01,1.570796327117892773e-05,7.318694619970951093e-07
7.059999999999999432e+01,1.418294760760594559e-03,6.598815684887016086e-05
7.070000000000000284e+01,1.570796327117871766e-05,7.298035853002109939e-07
7.079999999999999716e+01,1.414281790249514569e-03,6.561596863604116927e-05
7.089999999999999147e+01,1.570796327117794856e-05,7.277493261286412548e-07
7.100000000000000000e+01,1.410291457590876797e-03,6.524691897268293571e-05
7.109999999999999432e+01,1.570796327117871089e-05,7.257065868648105359e-07
7.120000000000000284e+01,1.406323571747956393e-03,6.488097268153507715e-05
7.129999999999999716e+01,1.570796327117849066e-05,7.236752709803647476e-07
7.139999999999999147e+01,1.402377943827493598e-03,6.451809507662702647e-05
7.150000000000000000e+01,1.570796327117825688e-05,7.216552830214079173e-07
7.159999999999999432e+01,1.398454387049723148e-03,6.415825195507033740e-05
7.170000000000000284e+01,1.570796327117893789e-05,7.196465285934491437e-07
7.179999999999999716e+01,1.394552716718890474e-03,6.380140958901020455e-05
7.189999999999999147e+01,1.570796327117857875e-05,7.176489143466323537e-07
7.200000000000000000e+01,1.390672750194274238e-03,6.344753471773305440e-05
7.209999999999999432e+01,1.570796327117777237e-05,7.156623479615853466e-07
7.220000000000000284e+01,1.386814306861677230e-03,6.309659453992648014e-05
7.229999999999999716e+01,1.570796327117891417e-05,7.136867381352223574e-07
7.239999999999999147e+01,1.382977208105400395e-03,6.274855670608852547e-05
7.250000000000000000e+01,1.570796327117863974e-05,7.117219945664725040e-07
7.259999999999999432e+01,1.379161277280675042e-03,6.240338931108253601e-05
7.270000000000000284e+01,1.570796327117863974e-05,7.097680279430688268e-07
7.279999999999999716e+01,1.375366339686557356e-03,6.206106088683530162e-05
7.289999999999999147e+01,1.570796327117979170e-05,7.078247499278040137e-07
7.300000000000000000e+01,1.371592222539257024e-03,6.172154039517399019e-05
7.309999999999999432e+01,1.570796327117874138e-05,7.058920731451202811e-07
7.320000000000000284e+01,1.367838754945915804e-03,6.138479722080009734e-05
7.329999999999999716e+01,1.570796327117943256e-05,7.039699111685862030e-07
7.339999999999999147e+01,1.364105767878809805e-03,6.105080116439710555e-05
7.350000000000000000e+01,1.570796327117862957e-05,7.020581785074143818e-07
7.359999999999999432e+01,1.360393094149970694e-03,6.071952243586814572e-05
7.370000000000000284e+01,1.570796327117949355e-05,7.001567905944480863e-07
7.379999999999999716e+01,1.356700568386228238e-03,6.039093164770229947e-05
7.389999999999999147e+01,1.570796327117823655e-05,6.982656637731437311e-07
7.400000000000000000e+01,1.353028027004645308e-03,6.006499980846537450e-05
7.409999999999999432e+01,1.570796327117906664e-05,6.963847152860185122e-07
7.420000000000000284e+01,1.349375308188367284e-03,5.974169831641356081e-05
7.429999999999999716e+01,1.570796327117905648e-05,6.945138632619517951e-07
7.439999999999999147e+01,1.345742251862841162e-03,5.942099895322627454e-05
7.450000000000000000e+01,1.570796327117813490e-05,6.926530267047994033e-07
7.459999999999999432e+01,1.342128699672439501e-03,5.910287387785699700e-05
7.470000000000000284e+01,1.570796327117928009e-05,6.908021254817563390e-07
7.479999999999999716e+01,1.338534494957448889e-03,5.878729562049846299e-05
7.489999999999999147e+01,1.570796327117912763e-05,6.889610803114857222e-07
7.500000000000000000e+01,1.334959482731404041e-03,5.847423707665904097e-05
7.509999999999999432e+01,1.570796327117933092e-05,6.871298127533445311e-07
7.520000000000000284e+01,1.331403509658887025e-03,5.816367150135356425e-05
7.529999999999999716e+01,1.570796327117912424e-05,6.853082451959576577e-07
7.539999999999999147e+01,1.327866424033434262e-03,5.785557250339105602e-05
7.550000000000000000e+01,1.570796327117874138e-05,6.834963008464478834e-07
7.559999999999999432e+01,1.324348075756174702e-03,5.754991403978413565e-05
7.570000000000000284e+01,1.570796327117947322e-05,6.816939037196840665e-07
7.579999999999999716e+01,1.320848316314426158e-03,5.724667041024532392e-05
7.589999999999999147e+01,1.570796327117862957e-05,6.799009786274863426e-07
7.600000000000000000e+01,1.317366998760880793e-03,5.694581625179478382e-05
7.609999999999999432e+01,1.570796327117864990e-05,6.781174511686009600e-07
7.620000000000000284e+01,1.313903977693006578e-03,5.664732653346219723e-05
7.629999999999999716e+01,1.570796327117878543e-05,6.763432477180899218e-07
7.639999999999999147e+01,1.310459109232799168e-03,5.635117655108674156e-05
7.650000000000000000e+01,1.570796327117825010e-05,6.745782954173740076e-07
7.659999999999999432e+01,1.307032251006874212e-03,5.605734192221216450e-05
7.670000000000000284e+01,1.570796327117898871e-05,6.728225221644153441e-07
7.679999999999999716e+01,1.303623262126825085e-03,5.576579858107368385e-05
7.690000000000000568e+01,1.570796327117863974e-05,6.710758566036318893e-07
7.700000000000000000e+01,1.300232003169930588e-03,5.547652277367646188e-05
7.709999999999999432e+01,1.570796327117908358e-05,6.693382281166355512e-07
7.720000000000000284e+01,1.296858336160138913e-03,5.518949105296297062e-05
7.729999999999999716e+01,1.570796327117790112e-05,6.676095668123828886e-07
7.740000000000000568e+01,1.293502124549349977e-03,5.490468027406697818e-05
7.750000000000000000e+01,1.570796327117879898e-05,6.658898035182830648e-07
7.759999999999999432e+01,1.290163233198992005e-03,5.462206758965360037e-05
7.770000000000000284e+01,1.570796327117887691e-05,6.641788697704642748e-07
7.779999999999999716e+01,1.286841528361883265e-03,5.434163044534253095e-05
7.790000000000000568e+01,1.570796327117879559e-05,6.624766978051522200e-07
7.800000000000000000e+01,1.283536877664366582e-03,5.406334657521323086e-05
7.809999999999999432e+01,1.570796327117875154e-05,6.607832205495856802e-07
7.820000000000000284e+01,1.280249150088728569e-03,5.378719399739063966e-05
7.829999999999999716e+01,1.570796327117910391e-05,6.590983716132641219e-07
7.840000000000000568e+01,1.276978215955874721e-03,5.351315100970880056e-05
7.850000000000000000e+01,1.570796327117924960e-05,6.574220852792562935e-07
7.859999999999999432e+01,1.273723946908284031e-03,5.324119618545241245e-05
7.870000000000000284e+01,1.570796327117928687e-05,6.557542964957553065e-07
7.879999999999999716e+01,1.270486215893211219e-03,5.297130836917292079e-05
7.890000000000000568e+01,1.570796327117905986e-05,6.540949408676530932e-07
7.900000000000000000e+01,1.267264897146152224e-03,5.270346667257916779e-05
7.909999999999999432e+01,1.570796327117915473e-05,6.524439546483236575e-07
7.920000000000000284e+01,1.264059866174560781e-03,5.243765047050033171e-05
7.929999999999999716e+01,1.570796327117896500e-05,6.508012747314073847e-07
7.940000000000000568e+01,1.260870999741798117e-03,5.217383939691935292e-05
7.950000000000000000e+01,1.570796327117838563e-05,6.491668386428692609e-07
7.959999999999999432e+01,1.257698175851349560e-03,5.191201334107685335e-05
7.970000000000000284e+01,1.570796327117908358e-05,6.475405845331581002e-07
7.979999999999999716e+01,1.254541273731256054e-03,5.165215244364238499e-05
7.990000000000000568e+01,1.570796327117853809e-05,6.459224511691855668e-07
8.000000000000000000e+01,1.251400173818787223e-03,5.139423709295270229e-05
8.009999999999999432e+01,1.570796327117867701e-05,6.443123779270236918e-07
8.020000000000000284e+01,1.248274757745342772e-03,5.113824792131553407e-05
8.029999999999999716e+01,1.570796327117864312e-05,6.427103047840610308e-07
8.040000000000000568e+01,1.245164908321605207e-03,5.088416580137857686e-05
8.050000000000000000e+01,1.570796327117843645e-05,6.411161723117193447e-07
8.059999999999999432e+01,1.242070509522849109e-03,5.063197184255870890e-05
8.070000000000000284e+01,1.570796327117917506e-05,6.395299216681404238e-07
8.079999999999999716e+01,1.238991446474543802e-03,5.038164738753591075e-05
8.090000000000000568e+01,1.570796327117821622e-05,6.379514945907709490e-07
8.100000000000000000e+01,1.235927605438122542e-03,5.013317400880584794e-05
8.109999999999999432e+01,1.570796327117883625e-05,6.363808333896481680e-07
8.120000000000000284e+01,1.232878873796975066e-03,4.988653350529201704e-05
8.129999999999999716e+01,1.570796327117895144e-05,6.348178809399345699e-07
8.140000000000000568e+01,1.229845140042652848e-03,4.964170789901654023e-05
8.150000000000000000e+01,1.570796327117813152e-05,6.332625806753020292e-07
8.159999999999999432e+01,1.226826293761267570e-03,4.939867943182721643e-05
8.170000000000000284e+01,1.570796327117901243e-05,6.317148765811849757e-07
8.179999999999999716e+01,1.223822225620094066e-03,4.915743056218074771e-05
8.190000000000000568e+01,1.570796327117966973e-05,6.301747131877709861e-07
8.200000000000000000e+01,1.220832827354370598e-03,4.891794396198089400e-05
8.209999999999999432e+01,1.570796327117828059e-05,6.286420355635837673e-07
8.220000000000000284e+01,1.217857991754292112e-03,4.868020251347012650e-05
8.229999999999999716e+01,1.570796327117881592e-05,6.271167893092003963e-07
8.240000000000000568e+01,1.214897612652188468e-03,4.844418930617392575e-05
8.250000000000000000e+01,1.570796327117648488e-05,6.255989205502552508e-07
8.259999999999999432e+01,1.211951584909893914e-03,4.820988763389682342e-05
8.270000000000000284e+01,1.570796327118140784e-05,6.240883759320588094e-07
8.279999999999999716e+01,1.209019804406301097e-03,4.797728099176910328e-05
8.290000000000000568e+01,1.570796327117902598e-05,6.225851026117933016e-07
8.300000000000000000e+01,1.206102168025086595e-03,4.774635307334305033e-05
8.309999999999999432e+01,1.570796327117856859e-05,6.210890482542958600e-07
8.320000000000000284e+01,1.203198573642627481e-03,4.751708776773828712e-05
8.329999999999999716e+01,1.570796327117820944e-05,6.196001610246188186e-07
8.340000000000000568e+01,1.200308920116077054e-03,4.728946915683432709e-05
8.350000000000000000e+01,1.570796327117874816e-05,6.181183895826065837e-07
8.359999999999999432e+01,1.197433107271622492e-03,4.706348151251052111e-05
8.370000000000000284e+01,1.570796327117931736e-05,6.166436830768427372e-07
8.379999999999999716e+01,1.194571035892906226e-03,4.683910929393170312e-05
8.390000000000000568e+01,1.570796327117901243e-05,6.151759911389150936e-07
8.400000000000000000e+01,1.191722607709615796e-03,4.661633714487920964e-05
8.409999999999999432e+01,1.570796327117897516e-05,6.137152638777811311e-07
8.420000000000000284e+01,1.188887725386233085e-03,4.639514989112583659e-05
8.429999999999999716e+01,1.570796327117870072e-05,6.122614518739870979e-07
8.440000000000000568e+01,1.186066292510946397e-03,4.617553253785461819e-05
8.450000000000000000e+01,1.570796327117814507e-05,6.108145061741938495e-07
8.459999999999999432e+01,1.183258213584717370e-03,4.595747026711967967e-05
8.470000000000000284e+01,1.570796327117832125e-05,6.093743782857230157e-07
8.479999999999999716e+01,1.180463394010508116e-03,4.574094843534954328e-05
8.490000000000000568e+01,1.570796327117855503e-05,6.079410201710491688e-07
8.500000000000000000e+01,1.177681740082650846e-03,4.552595257089081407e-05
8.509999999999999432e+01,1.570796327117864651e-05,6.065143842425588071e-07
8.520000000000000284e+01,1.174913158976375986e-03,4.531246837159250970e-05
8.529999999999999716e+01,1.570796327117858214e-05,6.050944233572877394e-07
8.540000000000000568e+01,1.172157558737497085e-03,4.510048170243037015e-05
8.550000000000000000e+01,1.570796327117849066e-05,6.036810908117429605e-07
8.559999999999999432e+01,1.169414848272205430e-03,4.488997859316828790e-05
8.570000000000000284e+01,1.570796327118016778e-05,6.022743403368560294e-07
8.579999999999999716e+01,1.166684937337048771e-03,4.468094523605975184e-05
8.590000000000000568e+01,1.570796327117696600e-05,6.008741260925611051e-07
8.600000000000000000e+01,1.163967736529023444e-03,4.447336798358527999e-05
8.609999999999999432e+01,1.570796327117857197e-05,5.994804026637791635e-07
8.620000000000000284e+01,1.161263157275817422e-03,4.426723334622723006e-05
8.629999999999999716e+01,1.570796327117845339e-05,5.980931250542765851e-07
8.640000000000000568e+01,1.158571111826183246e-03,4.406252799028015832e-05
8.650000000000000000e+01,1.570796327117891079e-05,5.967122486827956969e-07
8.659999999999999432e+01,1.155891513240445839e-03,4.385923873569674700e-05
8.670000000000000284e+01,1.570796327117899210e-05,5.953377293778303785e-07
8.679999999999999716e+01,1.153224275381140203e-03,4.365735255396809423e-05
8.690000000000000568e+01,1.570796327117864312e-05,5.939695233730889307e-07
8.700000000000000000e+01,1.150569312903781602e-03,4.345685656603836633e-05
8.709999999999999432e+01,1.570796327117676949e-05,5.926075873027884895e-07
8.720000000000000284e+01,1.147926541247762606e-03,4.325773804025268769e-05
8.729999999999999716e+01,1.570796327118300704e-05,5.912518781975302937e-07
8.740000000000000568e+01,1.145295876627371338e-03,4.305998439033780070e-05
8.750000000000000000e+01,1.570796327117340846e-05,5.899023534781236493e-07
8.759999999999999432e+01,1.142677236022937234e-03,4.286358317341491965e-05
8.770000000000000284e+01,1.570796327118417256e-05,5.885589709546691230e-07
8.779999999999999716e+01,1.140070537172096056e-03,4.266852208804427051e-05
8.790000000000000568e+01,1.570796327117498394e-05,5.872216888170377855e-07
8.800000000000000000e+01,1.137475698561172437e-03,4.247478897230055748e-05
8.809999999999999432e+01,1.570796327118108258e-05,5.858904656362522990e-07
8.820000000000000284e+01,1.134892639416684940e-03,4.228237180187905157e-05
8.829999999999999716e+01,1.570796327117857197e-05,5.845652603551750601e-07
8.840000000000000568e+01,1.132321279696962141e-03,4.209125868823149468e-05
8.850000000000000000e+01,1.570796327117852793e-05,5.832460322878172333e-07
8.859999999999999432e+01,1.129761540083871682e-03,4.190143787673127719e-05
8.870000000000000284e+01,1.570796327117931059e-05,5.819327411134090963e-07
8.879999999999999716e+01,1.127213341974663604e-03,4.171289774486767885e-05
8.890000000000000568e+01,1.570796327117882270e-05,5.806253468727570573e-07
8.900000000000000000e+01,1.124676607473927515e-03,4.152562680046848202e-05
8.909999999999999432e+01,1.570796327117867701e-05,5.793238099643588444e-07
8.920000000000000284e+01,1.122151259385649512e-03,4.133961367995023196e-05
8.929999999999999716e+01,1.570796327118059130e-05,5.780280911402815257e-07
8.940000000000000568e+01,1.119637221205378600e-03,4.115484714659568350e-05
8.950000000000000000e+01,1.570796327117723027e-05,5.767381515018894984e-07
8.959999999999999432e+01,1.117134417112506306e-03,4.097131608885871198e-05
8.970000000000000284e+01,1.570796327117846355e-05,5.754539524969303779e-07
8.979999999999999716e+01,1.114642771962636282e-03,4.078900951869486547e-05
8.990000000000000568e+01,1.570796327117917167e-05,5.741754559145179158e-07
9.000000000000000000e+01,1.112162211280067099e-03,4.060791656991837164e-05
9.009999999999999432e+01,1.570796327117936818e-05,5.729026238820952811e-07
9.020000000000000284e+01,1.109692661250372180e-03,4.042802649658439962e-05
9.029999999999999716e+01,1.570796327117840596e-05,5.716354188614907448e-07
9.040000000000000568e+01,1.107234048713061922e-03,4.024932867139574365e-05
9.050000000000000000e+01,1.570796327117914457e-05,5.703738036453887298e-07
9.059999999999999432e+01,1.104786301154380476e-03,4.007181258413548684e-05
9.070000000000000284e+01,1.570796327117934108e-05,5.691177413533862364e-07
9.079999999999999716e+01,1.102349346700161499e-03,3.989546784012234511e-05
9.090000000000000568e+01,1.570796327117883625e-05,5.678671954286682385e-07
9.100000000000000000e+01,1.099923114108793424e-03,3.972028415869034474e-05
9.109999999999999432e+01,1.570796327117814168e-05,5.666221296344202870e-07
9.120000000000000284e+01,1.097507532764276008e-03,3.954625137169178302e-05
9.129999999999999716e+01,1.570796327117867023e-05,5.653825080503451930e-07
9.140000000000000568e+01,1.095102532669370342e-03,3.937335942202299801e-05
9.150000000000000000e+01,1.570796327117831786e-05,5.641482950690582670e-07
9.159999999999999432e+01,1.092708044438836469e-03,3.920159836217268951e-05
9.170000000000000284e+01,1.570796327117911069e-05,5.629194553929625087e-07
9.179999999999999716e+01,1.090323999292755778e-03,3.903095835279208681e-05
9.190000000000000568e+01,1.570796327117895822e-05,5.616959540305957775e-07
9.200000000000000000e+01,1.087950329049948385e-03,3.886142966128720708e-05
9.209999999999999432e+01,1.570796327117861263e-05,5.604777562935686621e-07
9.220000000000000284e+01,1.085586966121470515e-03,3.869300266043208618e-05
9.229999999999999716e+01,1.570796327117884641e-05,5.592648277931907487e-07
9.240000000000000568e+01,1.083233843504197982e-03,3.852566782700326674e-05
9.250000000000000000e+01,1.570796327117679320e-05,5.580571344371167939e-07
9.259999999999999432e+01,1.080890894774490978e-03,3.835941574043453362e-05
9.270000000000000284e+01,1.570796327118085219e-05,5.568546424266859824e-07
9.279999999999999716e+01,1.078558054081947765e-03,3.819423708149233737e-05
9.290000000000000568e+01,1.570796327117847033e-05,5.556573182526367874e-07
9.300000000000000000e+01,1.076235256143229929e-03,3.803012263097076714e-05
9.309999999999999432e+01,1.570796327117951387e-05,5.544651286935390066e-07
9.320000000000000284e+01,1.073922436235973717e-03,3.786706326840620195e-05
9.329999999999999716e+01,1.570796327117831109e-05,5.532780408113832619e-07
9.340000000000000568e+01,1.071619530192777702e-03,3.770504997081131489e-05
9.350000000000000000e+01,1.570796327117901243e-05,5.520960219494532523e-07
9.359999999999999432e+01,1.069326474395263090e-03,3.754407381142758329e-05
9.370000000000000284e+01,1.570796327117986285e-05,5.509190397287836743e-07
9.379999999999999716e+01,1.067043205768220112e-03,3.738412595849689452e-05
9.390000000000000568e+01,1.570796327117871766e-05,5.497470620454052466e-07
9.400000000000000000e+01,1.064769661773821421e-03,3.722519767405105452e-05
9.409999999999999432e+01,1.570796327117861602e-05,5.485800570676272175e-07
9.420000000000000284e+01,1.062505780405908562e-03,3.706728031271927385e-05
9.429999999999999716e+01,1.570796327117881931e-05,5.474179932328507202e-07
9.440000000000000568e+01,1.060251500184358243e-03,3.691036532055357695e-05
9.450000000000000000e+01,1.570796327117867701e-05,5.462608392448626091e-07
9.459999999999999432e+01,1.058006760149513654e-03,3.675444423387107750e-05
9.470000000000000284e+01,1.570796327117910052e-05,5.451085640710875786e-07
9.479999999999999716e+01,1.055771499856686911e-03,3.659950867811380431e-05
9.490000000000000568e+01,1.570796327117908019e-05,5.439611369396966046e-07
9.500000000000000000e+01,1.053545659370735445e-03,3.644555036672495965e-05
9.509999999999999432e+01,1.570796327117903615e-05,5.428185273369928950e-07
9.520000000000000284e+01,1.051329179260709294e-03,3.629256110004211146e-05
9.529999999999999716e+01,1.570796327117906664e-05,5.416807050046511972e-07
9.540000000000000568e+01,1.049122000594539163e-03,3.614053276420542887e-05
9.550000000000000000e+01,1.570796327117915473e-05,5.405476399370601267e-07
9.559999999999999432e+01,1.046924064933840064e-03,3.598945733008375285e-05
9.570000000000000284e+01,1.570796327117936141e-05,5.394193023787000709e-07
9.579999999999999716e+01,1.044735314328739013e-03,3.583932685221476145e-05
9.590000000000000568e+01,1.570796327117859230e-05,5.382956628214994927e-07
9.600000000000000000e+01,1.042555691312776686e-03,3.569013346776094415e-05
9.609999999999999432e+01,1.570796327117875832e-05,5.371766920024120993e-07
9.620000000000000284e+01,1.040385138897887557e-03,3.554186939548125638e-05
9.629999999999999716e+01,1.570796327117849066e-05,5.360623609006686435e-07
9.640000000000000568e+01,1.038223600569424714e-03,3.539452693471705169e-05
9.650000000000000000e+01,1.570796327117835174e-05,5.349526407354498067e-07
9.659999999999999432e+01,1.036071020281257530e-03,3.524809846439301656e-05
9.670000000000000284e+01,1.570796327117892773e-05,5.338475029633509232e-07
9.679999999999999716e+01,1.033927342450923327e-03,3.510257644203236245e-05
9.690000000000000568e+01,1.570796327117897516e-05,5.327469192758764570e-07
9.700000000000000000e+01,1.031792511954849299e-03,3.495795340278650554e-05
9.709999999999999432e+01,1.570796327117831786e-05,5.316508615971273898e-07
9.720000000000000284e+01,1.029666474123615847e-03,3.481422195847810918e-05
9.729999999999999716e+01,1.570796327117854826e-05,5.305593020814425521e-07
9.740000000000000568e+01,1.027549174737301231e-03,3.467137479665859378e-05
9.750000000000000000e+01,1.570796327117903276e-05,5.294722131109106758e-07
9.759999999999999432e+01,1.025440560020858755e-03,3.452940467967835210e-05
9.770000000000000284e+01,1.570796327117838224e-05,5.283895672930967457e-07
9.779999999999999716e+01,1.023340576639575035e-03,3.438830444377105920e-05
9.790000000000000568e+01,1.570796327117928687e-05,5.273113374589098058e-07
9.800000000000000000e+01,1.021249171694564280e-03,3.424806699815034907e-05
9.809999999999999432e+01,1.570796327117901921e-05,5.262374966600137917e-07
9.820000000000000284e+01,1.019166292718328695e-03,3.410868532411974566e-05
9.829999999999999716e+01,1.570796327117877526e-05,5.251680181669037068e-07
9.840000000000000568e+01,1.017091887670368332e-03,3.397015247419502828e-05
9.850000000000000000e+01,1.570796327117893112e-05,5.241028754665329769e-07
9.859999999999999432e+01,1.015025904932848619e-03,3.383246157123917384e-05
9.870000000000000284e+01,1.570796327117974088e-05,5.230420422601486462e-07
9.879999999999999716e+01,1.012968293306316459e-03,3.369560580760948948e-05
9.890000000000000568e+01,1.570796327117891417e-05,5.219854924610554219e-07
9.900000000000000000e+01,1.010919002005470540e-03,3.355957844431680032e-05
9.909999999999999432e+01,1.570796327117869056e-05,5.209332001927132380e-07
9.920000000000000284e+01,1.008877980654978700e-03,3.342437281019622445e-05
9.929999999999999716e+01,1.570796327117868039e-05,5.198851397863939389e-07
9.940000000000000568e+01,1.006845179285355578e-03,3.328998230109013175e-05
9.950000000000000000e+01,1.570796327117847033e-05,5.188412857791846108e-07
9.959999999999999432e+01,1.004820548328878849e-03,3.315640037904205316e-05
9.970000000000000284e+01,1.570796327117907003e-05,5.178016129119775727e-07
9.979999999999999716e+01,1.002804038615569228e-03,3.302362057150242124e-05
9.990000000000000568e+01,1.570796327117861602e-05,5.167660961272956193e-07
1.000000000000000000e+02,1.000795601369171544e-03,3.289163647054383141e-05
