#Time,Channel A,Channel B(ms),(V),(V)
-0.24490300,-0.39973140,0.07522812
-0.22442300,-0.36335340,0.11993770
-0.20394300,-0.34522540,0.11993770
-0.18346300,-0.32703640,0.16464740
-0.16298300,-0.29065830,0.16464740
-0.14250300,-0.25434120,0.16464740
-0.12202300,-0.21796320,0.20935700
-0.10154300,-0.18158510,0.20935700
-0.08106300,-0.14526810,0.20935700
-0.06058300,-0.10889000,0.25406660
-0.04010300,-0.07257301,0.25406660
-0.01962300,-0.03619495,0.29877620
0.00085700,0.00012207,0.29877620
0.02133700,0.03643910,0.29877620
0.04181700,0.07281716,0.29877620
0.06229700,0.10913420,0.29877620
0.08277700,0.14551230,0.29877620
0.10325700,0.18182930,0.29877620
0.12373700,0.21820730,0.29877620
0.14421700,0.25458540,0.29877620
0.16469700,0.27271340,0.29877620
0.18517700,0.30909140,0.29877620
0.20565700,0.34546950,0.29877620
0.22613700,0.38178660,0.25406660
0.24661700,0.39997560,0.25406660
0.26709700,0.41816460,0.25406660
0.28757700,0.43635370,0.25406660
0.30805700,0.45448160,0.25406660
0.32853700,0.47267070,0.20935700
0.34901700,0.47267070,0.20935700
0.36949700,0.47267070,0.16464740
0.38997700,0.47267070,0.16464740
0.41045700,0.47267070,0.11993770
0.43093700,0.45448160,0.11993770
0.45141700,0.43635370,0.07522812
0.47189700,0.43635370,0.03051851
0.49237700,0.41816460,-0.01419111
0.51285700,0.38178660,-0.01419111
0.53333700,0.36359750,-0.05890072
0.55381700,0.34546950,-0.10361030
0.57429700,0.30909140,-0.10361030
0.59477700,0.25458540,-0.14847250
0.61525699,0.23639640,-0.14847250
0.63573699,0.18182930,-0.19318220
0.65621699,0.14551230,-0.19318220
0.67669699,0.10913420,-0.23789180
0.69717699,0.07281716,-0.23789180
0.71765699,0.03643910,-0.28260140
0.73813699,-0.01800592,-0.32731100
0.75861699,-0.05438399,-0.32731100
0.77909699,-0.10889000,-0.32731100
0.79957699,-0.14526810,-0.32731100
0.82005699,-0.19977420,-0.32731100
0.84053699,-0.21796320,-0.32731100
0.86101699,-0.25434120,-0.32731100
0.88149699,-0.29065830,-0.32731100
0.90197699,-0.32703640,-0.32731100
0.92245699,-0.36335340,-0.32731100
0.94293699,-0.39973140,-0.32731100
0.96341699,-0.41792050,-0.32731100
0.98389699,-0.43610950,-0.28260140
1.00437699,-0.45423750,-0.23789180
1.02485699,-0.47242650,-0.23789180
1.04533699,-0.49061550,-0.19318220
1.06581699,-0.49061550,-0.19318220
1.08629699,-0.49061550,-0.14847250
1.10677699,-0.49061550,-0.14847250
1.12725699,-0.49061550,-0.10361030
1.14773699,-0.47242650,-0.05890072
1.16821699,-0.47242650,-0.05890072
1.18869699,-0.45423750,-0.01419111
1.20917699,-0.43610950,0.03051851
1.22965699,-0.39973140,0.03051851
1.25013699,-0.36335340,0.07522812
1.27061699,-0.32703640,0.11993770
1.29109699,-0.29065830,0.16464740
1.31157699,-0.23615220,0.20935700
1.33205699,-0.19977420,0.20935700
1.35253699,-0.14526810,0.25406660
1.37301699,-0.10889000,0.29877620
1.39349699,-0.05438399,0.29877620
1.41397699,0.00012207,0.34348580
1.43445699,0.03643910,0.34348580
1.45493699,0.10913420,0.38834800
1.47541699,0.14551230,0.38834800
1.49589699,0.18182930,0.38834800
1.51637699,0.23639640,0.38834800
1.53685699,0.29090240,0.38834800
1.55733699,0.32728050,0.38834800
1.57781699,0.36359750,0.38834800
1.59829699,0.38178660,0.34348580
1.61877699,0.39997560,0.34348580
1.63925699,0.43635370,0.34348580
1.65973699,0.45448160,0.29877620
1.68021699,0.47267070,0.29877620
1.70069699,0.47267070,0.25406660
1.72117699,0.47267070,0.20935700
1.74165699,0.47267070,0.16464740
1.76213699,0.45448160,0.16464740
1.78261699,0.45448160,0.11993770
1.80309699,0.43635370,0.07522812
1.82357699,0.41816460,0.03051851
1.84405699,0.38178660,-0.01419111
1.86453699,0.36359750,-0.05890072
1.88501699,0.32728050,-0.10361030
1.90549699,0.29090240,-0.14847250
1.92597699,0.25458540,-0.14847250
1.94645699,0.21820730,-0.19318220
1.96693699,0.14551230,-0.23789180
1.98741699,0.10913420,-0.23789180
2.00789699,0.05462813,-0.32731100
2.02837699,0.00012207,-0.32731100
2.04885699,-0.03619495,-0.32731100
2.06933699,-0.07257301,-0.37202060
2.08981699,-0.14526810,-0.37202060
2.11029699,-0.18158510,-0.37202060
2.13077699,-0.21796320,-0.37202060
2.15125699,-0.27246930,-0.37202060
2.17173699,-0.32703640,-0.37202060
2.19221699,-0.36335340,-0.37202060
2.21269699,-0.39973140,-0.37202060
2.23317699,-0.43610950,-0.32731100
2.25365698,-0.45423750,-0.32731100
2.27413698,-0.47242650,-0.32731100
2.29461698,-0.49061550,-0.28260140
2.31509698,-0.49061550,-0.23789180
2.33557698,-0.50880460,-0.23789180
2.35605698,-0.49061550,-0.14847250
2.37653698,-0.47242650,-0.14847250
2.39701698,-0.45423750,-0.10361030
2.41749698,-0.43610950,-0.01419111
2.43797698,-0.39973140,0.03051851
2.45845698,-0.36335340,0.03051851
2.47893698,-0.32703640,0.11993770
2.49941698,-0.27246930,0.16464740
2.51989698,-0.23615220,0.20935700
2.54037698,-0.18158510,0.25406660
2.56085698,-0.12707910,0.29877620
2.58133698,-0.07257301,0.34348580
2.60181698,0.00012207,0.34348580
2.62229698,0.03643910,0.38834800
2.64277698,0.09094515,0.38834800
2.66325698,0.14551230,0.43305760
2.68373698,0.20001830,0.38834800
2.70421698,0.25458540,0.43305760
2.72469698,0.29090240,0.43305760
2.74517698,0.34546950,0.43305760
2.76565698,0.36359750,0.43305760
2.78613698,0.41816460,0.38834800
2.80661698,0.43635370,0.38834800
2.82709698,0.45448160,0.34348580
2.84757698,0.47267070,0.34348580
2.86805698,0.47267070,0.29877620
2.88853698,0.47267070,0.25406660
2.90901698,0.47267070,0.20935700
2.92949698,0.45448160,0.16464740
2.94997698,0.43635370,0.11993770
2.97045698,0.41816460,0.07522812
2.99093698,0.38178660,0.03051851
3.01141698,0.34546950,-0.01419111
3.03189698,0.30909140,-0.05890072
3.05237698,0.27271340,-0.14847250
3.07285698,0.21820730,-0.19318220
3.09333698,0.18182930,-0.19318220
3.11381698,0.10913420,-0.23789180
3.13429698,0.07281716,-0.28260140
3.15477698,0.00012207,-0.32731100
3.17525698,-0.07257301,-0.37202060
3.19573698,-0.10889000,-0.41688280
3.21621698,-0.18158510,-0.41688280
3.23669698,-0.23615220,-0.46159250
3.25717698,-0.29065830,-0.41688280
3.27765698,-0.34522540,-0.41688280
3.29813698,-0.39973140,-0.41688280
3.31861698,-0.41792050,-0.41688280
3.33909698,-0.45423750,-0.41688280
3.35957698,-0.47242650,-0.41688280
3.38005698,-0.49061550,-0.37202060
3.40053698,-0.49061550,-0.32731100
3.42101698,-0.49061550,-0.28260140
3.44149698,-0.49061550,-0.23789180
3.46197698,-0.47242650,-0.19318220
3.48245698,-0.45423750,-0.10361030
3.50293698,-0.41792050,-0.01419111
3.52341698,-0.38154240,0.03051851
3.54389698,-0.32703640,0.03051851
3.56437698,-0.29065830,0.16464740
3.58485698,-0.21796320,0.20935700
3.60533698,-0.18158510,0.20935700
3.62581698,-0.10889000,0.29877620
3.64629698,-0.05438399,0.34348580
3.66677698,0.01825007,0.38834800
3.68725698,0.09094515,0.47776730
3.70773698,0.14551230,0.43305760
3.72821698,0.20001830,0.47776730
3.74869698,0.25458540,0.47776730
3.76917698,0.29090240,0.52247690
3.78965698,0.34546950,0.47776730
3.81013698,0.38178660,0.47776730
3.83061698,0.41816460,0.47776730
3.85109698,0.43635370,0.43305760
3.87157698,0.47267070,0.38834800
3.89205698,0.47267070,0.34348580
3.91253697,0.47267070,0.34348580
3.93301697,0.47267070,0.25406660
3.95349697,0.45448160,0.20935700
3.97397697,0.43635370,0.16464740
3.99445697,0.39997560,0.11993770
4.01493697,0.36359750,0.03051851
4.03541697,0.32728050,-0.01419111
4.05589697,0.29090240,-0.05890072
4.07637697,0.23639640,-0.14847250
4.09685697,0.18182930,-0.19318220
4.11733697,0.12732320,-0.23789180
4.13781697,0.05462813,-0.32731100
4.15829697,-0.01800592,-0.37202060
4.17877697,-0.07257301,-0.37202060
4.19925697,-0.14526810,-0.41688280
4.21973697,-0.21796320,-0.46159250
4.24021697,-0.27246930,-0.50630210
4.26069697,-0.32703640,-0.50630210
4.28117697,-0.36335340,-0.50630210
4.30165697,-0.41792050,-0.50630210
4.32213697,-0.45423750,-0.50630210
4.34261697,-0.47242650,-0.46159250
4.36309697,-0.49061550,-0.41688280
4.38357697,-0.50880460,-0.37202060
4.40405697,-0.50880460,-0.32731100
4.42453697,-0.49061550,-0.23789180
4.44501697,-0.45423750,-0.14847250
4.46549697,-0.43610950,-0.10361030
4.48597697,-0.39973140,-0.05890072
4.50645697,-0.34522540,0.03051851
4.52693697,-0.29065830,0.11993770
4.54741697,-0.21796320,0.16464740
4.56789697,-0.16345710,0.25406660
4.58837697,-0.09070101,0.34348580
4.60885697,-0.01800592,0.34348580
4.62933697,0.03643910,0.38834800
4.64981697,0.10913420,0.47776730
4.67029697,0.18182930,0.52247690
4.69077697,0.25458540,0.52247690
4.71125697,0.29090240,0.52247690
4.73173697,0.36359750,0.52247690
4.75221697,0.39997560,0.52247690
4.77269697,0.43635370,0.52247690
4.79317697,0.45448160,0.47776730
4.81365697,0.47267070,0.43305760
4.83413697,0.47267070,0.38834800
4.85461697,0.47267070,0.34348580
4.87509697,0.47267070,0.29877620
4.89557697,0.43635370,0.20935700
4.91605697,0.39997560,0.16464740
4.93653697,0.36359750,0.07522812
4.95701697,0.32728050,0.03051851
4.97749697,0.29090240,-0.05890072
4.99797697,0.21820730,-0.14847250
5.01845697,0.14551230,-0.19318220
5.03893697,0.09094515,-0.28260140
5.05941697,0.01825007,-0.32731100
5.07989697,-0.03619495,-0.37202060
5.10037697,-0.10889000,-0.41688280
5.12085697,-0.19977420,-0.50630210
5.14133697,-0.25434120,-0.50630210
5.16181697,-0.30884730,-0.50630210
5.18229697,-0.36335340,-0.50630210
5.20277697,-0.41792050,-0.50630210
5.22325697,-0.45423750,-0.50630210
5.24373697,-0.49061550,-0.50630210
5.26421697,-0.49061550,-0.41688280
5.28469697,-0.49061550,-0.37202060
5.30517697,-0.49061550,-0.32731100
5.32565697,-0.47242650,-0.28260140
5.34613697,-0.45423750,-0.19318220
5.36661697,-0.39973140,-0.14847250
5.38709697,-0.36335340,-0.01419111
5.40757697,-0.30884730,0.03051851
5.42805697,-0.21796320,0.11993770
5.44853697,-0.16345710,0.20935700
5.46901697,-0.10889000,0.29877620
5.48949697,0.00012207,0.34348580
5.50997697,0.07281716,0.43305760
5.53045697,0.14551230,0.47776730
5.55093696,0.21820730,0.52247690
5.57141696,0.27271340,0.56718650
5.59189696,0.32728050,0.56718650
5.61237696,0.38178660,0.56718650
5.63285696,0.41816460,0.56718650
5.65333696,0.45448160,0.52247690
5.67381696,0.47267070,0.52247690
5.69429696,0.47267070,0.47776730
5.71477696,0.49085970,0.38834800
5.73525696,0.47267070,0.34348580
5.75573696,0.43635370,0.25406660
5.77621696,0.39997560,0.16464740
5.79669696,0.36359750,0.11993770
5.81717696,0.29090240,-0.01419111
5.83765696,0.23639640,-0.05890072
5.85813696,0.18182930,-0.14847250
5.87861696,0.10913420,-0.23789180
5.89909696,0.01825007,-0.32731100
5.91957696,-0.05438399,-0.37202060
5.94005696,-0.12707910,-0.41688280
5.96053696,-0.19977420,-0.50630210
5.98101696,-0.27246930,-0.55101170
6.00149696,-0.32703640,-0.55101170
6.02197696,-0.38154240,-0.55101170
6.04245696,-0.43610950,-0.55101170
6.06293696,-0.45423750,-0.50630210
6.08341696,-0.49061550,-0.50630210
6.10389696,-0.49061550,-0.46159250
6.12437696,-0.50880460,-0.37202060
6.14485696,-0.49061550,-0.32731100
6.16533696,-0.47242650,-0.23789180
6.18581696,-0.43610950,-0.19318220
6.20629696,-0.38154240,-0.10361030
6.22677696,-0.32703640,-0.01419111
6.24725696,-0.25434120,0.11993770
6.26773696,-0.18158510,0.16464740
6.28821696,-0.09070101,0.29877620
6.30869696,-0.03619495,0.34348580
6.32917696,0.05462813,0.43305760
6.34965696,0.14551230,0.47776730
6.37013696,0.21820730,0.52247690
6.39061696,0.29090240,0.56718650
6.41109696,0.34546950,0.56718650
6.43157696,0.39997560,0.56718650
6.45205696,0.43635370,0.56718650
6.47253696,0.45448160,0.56718650
6.49301696,0.47267070,0.52247690
6.51349696,0.47267070,0.47776730
6.53397696,0.47267070,0.38834800
6.55445696,0.43635370,0.34348580
6.57493696,0.39997560,0.20935700
6.59541696,0.36359750,0.16464740
6.61589696,0.29090240,0.03051851
6.63637696,0.21820730,-0.05890072
6.65685696,0.14551230,-0.14847250
6.67733696,0.07281716,-0.28260140
6.69781696,-0.01800592,-0.37202060
6.71829696,-0.09070101,-0.41688280
6.73877696,-0.18158510,-0.46159250
6.75925696,-0.25434120,-0.55101170
6.77973696,-0.32703640,-0.55101170
6.80021696,-0.38154240,-0.59572130
6.82069696,-0.41792050,-0.59572130
6.84117696,-0.47242650,-0.55101170
6.86165696,-0.49061550,-0.55101170
6.88213696,-0.49061550,-0.50630210
6.90261696,-0.50880460,-0.41688280
6.92309696,-0.49061550,-0.37202060
6.94357696,-0.45423750,-0.28260140
6.96405696,-0.41792050,-0.14847250
6.98453696,-0.36335340,-0.05890072
7.00501696,-0.29065830,0.03051851
7.02549696,-0.21796320,0.11993770
7.04597696,-0.14526810,0.20935700
7.06645696,-0.07257301,0.29877620
7.08693696,0.01825007,0.38834800
7.10741696,0.09094515,0.47776730
7.12789696,0.18182930,0.52247690
7.14837696,0.25458540,0.56718650
7.16885696,0.32728050,0.56718650
7.18933695,0.36359750,0.61189610
7.20981695,0.41816460,0.61189610
7.23029695,0.45448160,0.56718650
7.25077695,0.47267070,0.56718650
7.27125695,0.47267070,0.52247690
7.29173695,0.47267070,0.43305760
7.31221695,0.43635370,0.34348580
7.33269695,0.39997560,0.29877620
7.35317695,0.36359750,0.16464740
7.37365695,0.27271340,0.03051851
7.39413695,0.20001830,-0.05890072
7.41461695,0.10913420,-0.19318220
7.43509695,0.03643910,-0.28260140
7.45557695,-0.05438399,-0.37202060
7.47605695,-0.14526810,-0.50630210
7.49653695,-0.21796320,-0.55101170
7.51701695,-0.30884730,-0.59572130
7.53749695,-0.38154240,-0.64043090
7.55797695,-0.43610950,-0.64043090
7.57845695,-0.47242650,-0.59572130
7.59893695,-0.49061550,-0.55101170
7.61941695,-0.50880460,-0.55101170
7.63989695,-0.49061550,-0.46159250
7.66037695,-0.47242650,-0.41688280
7.68085695,-0.43610950,-0.32731100
7.70133695,-0.39973140,-0.19318220
7.72181695,-0.32703640,-0.10361030
7.74229695,-0.25434120,0.03051851
7.76277695,-0.18158510,0.16464740
7.78325695,-0.07257301,0.25406660
7.80373695,0.00012207,0.34348580
7.82421695,0.09094515,0.43305760
7.84469695,0.18182930,0.52247690
7.86517695,0.27271340,0.56718650
7.88565695,0.32728050,0.61189610
7.90613695,0.38178660,0.65675830
7.92661695,0.43635370,0.65675830
7.94709695,0.47267070,0.65675830
7.96757695,0.47267070,0.56718650
7.98805695,0.47267070,0.52247690
8.00853695,0.47267070,0.47776730
8.02901695,0.43635370,0.38834800
8.04949695,0.39997560,0.25406660
8.06997695,0.32728050,0.16464740
8.09045695,0.27271340,0.03051851
8.11093695,0.20001830,-0.05890072
8.13141695,0.10913420,-0.14847250
8.15189695,0.01825007,-0.32731100
8.17237695,-0.07257301,-0.37202060
8.19285695,-0.18158510,-0.46159250
8.21333695,-0.25434120,-0.55101170
8.23381695,-0.34522540,-0.59572130
8.25429695,-0.39973140,-0.64043090
8.27477695,-0.45423750,-0.64043090
8.29525695,-0.49061550,-0.68529310
8.31573695,-0.49061550,-0.59572130
8.33621695,-0.50880460,-0.55101170
8.35669695,-0.47242650,-0.46159250
8.37717695,-0.43610950,-0.37202060
8.39765695,-0.39973140,-0.23789180
8.41813695,-0.32703640,-0.10361030
8.43861695,-0.25434120,0.03051851
8.45909695,-0.14526810,0.11993770
8.47957695,-0.07257301,0.25406660
8.50005695,0.03643910,0.34348580
8.52053695,0.12732320,0.47776730
8.54101695,0.21820730,0.52247690
8.56149695,0.29090240,0.56718650
8.58197695,0.36359750,0.65675830
8.60245695,0.41816460,0.70146790
8.62293695,0.45448160,0.65675830
8.64341695,0.47267070,0.65675830
8.66389695,0.47267070,0.56718650
8.68437695,0.47267070,0.52247690
8.70485695,0.43635370,0.38834800
8.72533695,0.38178660,0.29877620
8.74581695,0.32728050,0.16464740
8.76629695,0.25458540,0.07522812
8.78677695,0.16370130,-0.01419111
8.80725695,0.07281716,-0.19318220
8.82773695,-0.03619495,-0.32731100
8.84821694,-0.10889000,-0.41688280
8.86869694,-0.21796320,-0.50630210
8.88917694,-0.29065830,-0.59572130
8.90965694,-0.36335340,-0.64043090
8.93013694,-0.41792050,-0.68529310
8.95061694,-0.47242650,-0.68529310
8.97109694,-0.50880460,-0.64043090
8.99157694,-0.50880460,-0.59572130
9.01205694,-0.49061550,-0.50630210
9.03253694,-0.47242650,-0.41688280
9.05301694,-0.43610950,-0.32731100
9.07349694,-0.36335340,-0.19318220
9.09397694,-0.29065830,-0.05890072
9.11445694,-0.21796320,0.03051851
9.13493694,-0.10889000,0.16464740
9.15541694,-0.01800592,0.29877620
9.17589694,0.07281716,0.38834800
9.19637694,0.18182930,0.52247690
9.21685694,0.27271340,0.56718650
9.23733694,0.34546950,0.65675830
9.25781694,0.39997560,0.70146790
9.27829694,0.43635370,0.70146790
9.29877694,0.47267070,0.70146790
9.31925694,0.47267070,0.61189610
9.33973694,0.47267070,0.56718650
9.36021694,0.43635370,0.47776730
9.38069694,0.38178660,0.34348580
9.40117694,0.29090240,0.20935700
9.42165694,0.21820730,0.07522812
9.44213694,0.12732320,-0.05890072
9.46261694,0.01825007,-0.19318220
9.48309694,-0.07257301,-0.32731100
9.50357694,-0.16345710,-0.46159250
9.52405694,-0.27246930,-0.55101170
9.54453694,-0.34522540,-0.64043090
9.56501694,-0.41792050,-0.68529310
9.58549694,-0.45423750,-0.68529310
9.60597694,-0.49061550,-0.68529310
9.62645694,-0.50880460,-0.64043090
9.64693694,-0.49061550,-0.55101170
9.66741694,-0.47242650,-0.46159250
9.68789694,-0.41792050,-0.37202060
9.70837694,-0.34522540,-0.23789180
9.72885694,-0.27246930,-0.10361030
9.74933694,-0.16345710,0.03051851
9.76981694,-0.07257301,0.16464740
9.79029694,0.03643910,0.29877620
9.81077694,0.12732320,0.43305760
9.83125694,0.21820730,0.56718650
9.85173694,0.30909140,0.61189610
9.87221694,0.38178660,0.70146790
9.89269694,0.43635370,0.70146790
9.91317694,0.47267070,0.70146790
9.93365694,0.49085970,0.65675830
9.95413694,0.47267070,0.61189610
9.97461694,0.43635370,0.52247690
9.99509694,0.41816460,0.38834800
10.01557694,0.34546950,0.29877620
10.03605694,0.27271340,0.16464740
10.05653694,0.18182930,0.03051851
10.07701694,0.07281716,-0.14847250
10.09749694,-0.01800592,-0.23789180
10.11797694,-0.12707910,-0.37202060
10.13845694,-0.21796320,-0.46159250
10.15893694,-0.30884730,-0.55101170
10.17941694,-0.38154240,-0.64043090
10.19989694,-0.43610950,-0.68529310
10.22037694,-0.49061550,-0.68529310
10.24085694,-0.50880460,-0.68529310
10.26133694,-0.49061550,-0.59572130
10.28181694,-0.47242650,-0.55101170
10.30229694,-0.41792050,-0.37202060
10.32277694,-0.34522540,-0.28260140
10.34325694,-0.25434120,-0.14847250
10.36373694,-0.16345710,0.03051851
10.38421694,-0.05438399,0.16464740
10.40469694,0.03643910,0.34348580
10.42517694,0.16370130,0.43305760
10.44565694,0.25458540,0.56718650
10.46613694,0.34546950,0.65675830
10.48661693,0.39997560,0.70146790
10.50709693,0.45448160,0.74617760
10.52757693,0.47267070,0.70146790
10.54805693,0.49085970,0.65675830
10.56853693,0.45448160,0.56718650
10.58901693,0.41816460,0.47776730
10.60949693,0.36359750,0.38834800
10.62997693,0.27271340,0.20935700
10.65045693,0.18182930,0.07522812
10.67093693,0.07281716,-0.05890072
10.69141693,-0.03619495,-0.23789180
10.71189693,-0.14526810,-0.37202060
10.73237693,-0.23615220,-0.50630210
10.75285693,-0.32703640,-0.55101170
10.77333693,-0.39973140,-0.68529310
10.79381693,-0.47242650,-0.68529310
10.81429693,-0.50880460,-0.68529310
10.83477693,-0.49061550,-0.68529310
10.85525693,-0.49061550,-0.59572130
10.87573693,-0.45423750,-0.50630210
10.89621693,-0.39973140,-0.37202060
10.91669693,-0.32703640,-0.23789180
10.93717693,-0.23615220,-0.10361030
10.95765693,-0.14526810,0.07522812
10.97813693,-0.03619495,0.20935700
10.99861693,0.07281716,0.34348580
11.01909693,0.18182930,0.47776730
11.03957693,0.29090240,0.56718650
11.06005693,0.36359750,0.65675830
11.08053693,0.41816460,0.70146790
11.10101693,0.45448160,0.74617760
11.12149693,0.49085970,0.70146790
11.14197693,0.47267070,0.65675830
11.16245693,0.45448160,0.56718650
11.18293693,0.39997560,0.43305760
11.20341693,0.32728050,0.34348580
11.22389693,0.21820730,0.16464740
11.24437693,0.12732320,0.03051851
11.26485693,0.00012207,-0.14847250
11.28533693,-0.10889000,-0.32731100
11.30581693,-0.21796320,-0.41688280
11.32629693,-0.30884730,-0.55101170
11.34677693,-0.39973140,-0.64043090
11.36725693,-0.45423750,-0.73000280
11.38773693,-0.49061550,-0.73000280
11.40821693,-0.50880460,-0.73000280
11.42869693,-0.49061550,-0.64043090
11.44917693,-0.45423750,-0.55101170
11.46965693,-0.39973140,-0.41688280
11.49013693,-0.30884730,-0.28260140
11.51061693,-0.21796320,-0.10361030
11.53109693,-0.09070101,0.03051851
11.55157693,0.01825007,0.20935700
11.57205693,0.12732320,0.38834800
11.59253693,0.23639640,0.52247690
11.61301693,0.32728050,0.61189610
11.63349693,0.39997560,0.70146790
11.65397693,0.45448160,0.74617760
11.67445693,0.47267070,0.74617760
11.69493693,0.47267070,0.70146790
11.71541693,0.47267070,0.65675830
11.73589693,0.39997560,0.52247690
11.75637693,0.32728050,0.38834800
11.77685693,0.23639640,0.20935700
11.79733693,0.14551230,0.03051851
11.81781693,0.01825007,-0.10361030
11.83829693,-0.09070101,-0.23789180
11.85877693,-0.19977420,-0.41688280
11.87925693,-0.29065830,-0.55101170
11.89973693,-0.39973140,-0.59572130
11.92021693,-0.43610950,-0.68529310
11.94069693,-0.49061550,-0.73000280
11.96117693,-0.50880460,-0.68529310
11.98165693,-0.49061550,-0.68529310
12.00213693,-0.45423750,-0.55101170
12.02261693,-0.39973140,-0.41688280
12.04309693,-0.30884730,-0.32731100
12.06357693,-0.21796320,-0.14847250
12.08405693,-0.12707910,0.03051851
12.10453693,0.00012207,0.20935700
12.12501692,0.12732320,0.34348580
12.14549692,0.23639640,0.52247690
12.16597692,0.32728050,0.56718650
12.18645692,0.39997560,0.70146790
12.20693692,0.45448160,0.74617760
12.22741692,0.49085970,0.74617760
12.24789692,0.47267070,0.70146790
12.26837692,0.43635370,0.65675830
12.28885692,0.39997560,0.52247690
12.30933692,0.30909140,0.38834800
12.32981692,0.21820730,0.20935700
12.35029692,0.09094515,0.03051851
12.37077692,-0.01800592,-0.14847250
12.39125692,-0.14526810,-0.32731100
12.41173692,-0.25434120,-0.46159250
12.43221692,-0.34522540,-0.55101170
12.45269692,-0.43610950,-0.68529310
12.47317692,-0.47242650,-0.73000280
12.49365692,-0.49061550,-0.73000280
12.51413692,-0.50880460,-0.68529310
12.53461692,-0.47242650,-0.59572130
12.55509692,-0.39973140,-0.50630210
12.57557692,-0.32703640,-0.37202060
12.59605692,-0.21796320,-0.14847250
12.61653692,-0.09070101,-0.01419111
12.63701692,0.03643910,0.16464740
12.65749692,0.14551230,0.34348580
12.67797692,0.25458540,0.52247690
12.69845692,0.34546950,0.61189610
12.71893692,0.41816460,0.70146790
12.73941692,0.47267070,0.74617760
12.75989692,0.49085970,0.74617760
12.78037692,0.47267070,0.70146790
12.80085692,0.43635370,0.61189610
12.82133692,0.36359750,0.47776730
12.84181692,0.29090240,0.34348580
12.86229692,0.18182930,0.16464740
12.88277692,0.05462813,-0.01419111
12.90325692,-0.07257301,-0.14847250
12.92373692,-0.18158510,-0.32731100
12.94421692,-0.29065830,-0.50630210
12.96469692,-0.38154240,-0.59572130
12.98517692,-0.43610950,-0.68529310
13.00565692,-0.49061550,-0.73000280
13.02613692,-0.50880460,-0.73000280
13.04661692,-0.49061550,-0.68529310
13.06709692,-0.43610950,-0.55101170
13.08757692,-0.36335340,-0.46159250
13.10805692,-0.29065830,-0.32731100
13.12853692,-0.18158510,-0.14847250
13.14901692,-0.05438399,0.03051851
13.16949692,0.07281716,0.25406660
13.18997692,0.18182930,0.38834800
13.21045692,0.29090240,0.56718650
13.23093692,0.38178660,0.65675830
13.25141692,0.45448160,0.74617760
13.27189692,0.47267070,0.74617760
13.29237692,0.47267070,0.74617760
13.31285692,0.43635370,0.65675830
13.33333692,0.38178660,0.56718650
13.35381692,0.29090240,0.38834800
13.37429692,0.20001830,0.20935700
13.39477692,0.07281716,0.07522812
13.41525692,-0.05438399,-0.10361030
13.43573692,-0.18158510,-0.32731100
13.45621692,-0.29065830,-0.46159250
13.47669692,-0.39973140,-0.59572130
13.49717692,-0.45423750,-0.68529310
13.51765692,-0.49061550,-0.73000280
13.53813692,-0.50880460,-0.73000280
13.55861692,-0.47242650,-0.68529310
13.57909692,-0.41792050,-0.59572130
13.59957692,-0.32703640,-0.41688280
13.62005692,-0.23615220,-0.28260140
13.64053692,-0.10889000,-0.05890072
13.66101692,0.00012207,0.11993770
13.68149692,0.12732320,0.29877620
13.70197692,0.25458540,0.43305760
13.72245692,0.36359750,0.56718650
13.74293692,0.41816460,0.70146790
13.76341692,0.47267070,0.74617760
13.78389691,0.49085970,0.74617760
13.80437691,0.47267070,0.70146790
13.82485691,0.41816460,0.65675830
13.84533691,0.34546950,0.52247690
13.86581691,0.23639640,0.34348580
13.88629691,0.12732320,0.16464740
13.90677691,0.00012207,-0.05890072
13.92725691,-0.14526810,-0.23789180
13.94773691,-0.23615220,-0.37202060
13.96821691,-0.36335340,-0.55101170
13.98869691,-0.43610950,-0.68529310
14.00917691,-0.49061550,-0.73000280
14.02965691,-0.50880460,-0.73000280
14.05013691,-0.49061550,-0.68529310
14.07061691,-0.45423750,-0.59572130
14.09109691,-0.38154240,-0.50630210
14.11157691,-0.29065830,-0.32731100
14.13205691,-0.18158510,-0.19318220
14.15253691,-0.03619495,0.03051851
14.17301691,0.09094515,0.20935700
14.19349691,0.21820730,0.38834800
14.21397691,0.32728050,0.56718650
14.23445691,0.41816460,0.65675830
14.25493691,0.47267070,0.74617760
14.27541691,0.47267070,0.74617760
14.29589691,0.47267070,0.70146790
14.31637691,0.39997560,0.65675830
14.33685691,0.34546950,0.52247690
14.35733691,0.21820730,0.34348580
14.37781691,0.10913420,0.16464740
14.39829691,-0.03619495,-0.01419111
14.41877691,-0.14526810,-0.23789180
14.43925691,-0.29065830,-0.37202060
14.45973691,-0.38154240,-0.55101170
14.48021691,-0.45423750,-0.68529310
14.50069691,-0.50880460,-0.73000280
14.52117691,-0.50880460,-0.73000280
14.54165691,-0.47242650,-0.68529310
14.56213691,-0.41792050,-0.59572130
14.58261691,-0.32703640,-0.46159250
14.60309691,-0.21796320,-0.28260140
14.62357691,-0.07257301,-0.05890072
14.64405691,0.07281716,0.11993770
14.66453691,0.18182930,0.29877620
14.68501691,0.30909140,0.47776730
14.70549691,0.39997560,0.61189610
14.72597691,0.45448160,0.70146790
14.74645691,0.47267070,0.74617760
14.76693691,0.47267070,0.74617760
14.78741691,0.43635370,0.70146790
14.80789691,0.36359750,0.56718650
14.82837691,0.25458540,0.38834800
14.84885691,0.14551230,0.20935700
14.86933691,0.00012207,0.03051851
14.88981691,-0.10889000,-0.19318220
14.91029691,-0.25434120,-0.37202060
14.93077691,-0.34522540,-0.50630210
14.95125691,-0.43610950,-0.64043090
14.97173691,-0.49061550,-0.73000280
14.99221691,-0.50880460,-0.73000280
15.01269691,-0.49061550,-0.68529310
15.03317691,-0.43610950,-0.59572130
15.05365691,-0.34522540,-0.50630210
15.07413691,-0.23615220,-0.32731100
15.09461691,-0.10889000,-0.14847250
15.11509691,0.01825007,0.07522812
15.13557691,0.14551230,0.29877620
15.15605691,0.27271340,0.43305760
15.17653691,0.36359750,0.56718650
15.19701691,0.43635370,0.70146790
15.21749691,0.47267070,0.74617760
15.23797691,0.47267070,0.74617760
15.25845691,0.43635370,0.70146790
15.27893691,0.36359750,0.56718650
15.29941691,0.23639640,0.38834800
15.31989691,0.10913420,0.20935700
15.34037691,-0.01800592,0.03051851
15.36085691,-0.16345710,-0.19318220
15.38133691,-0.29065830,-0.37202060
15.40181691,-0.38154240,-0.55101170
15.42229690,-0.45423750,-0.68529310
15.44277690,-0.50880460,-0.68529310
15.46325690,-0.50880460,-0.73000280
15.48373690,-0.47242650,-0.68529310
15.50421690,-0.38154240,-0.59572130
15.52469690,-0.27246930,-0.46159250
15.54517690,-0.14526810,-0.23789180
15.56565690,-0.03619495,-0.01419111
15.58613690,0.12732320,0.16464740
15.60661690,0.23639640,0.38834800
15.62709690,0.36359750,0.52247690
15.64757690,0.43635370,0.65675830
15.66805690,0.47267070,0.74617760
15.68853690,0.47267070,0.74617760
15.70901690,0.43635370,0.70146790
15.72949690,0.38178660,0.61189610
15.74997690,0.27271340,0.47776730
15.77045690,0.14551230,0.29877620
15.79093690,0.00012207,0.07522812
15.81141690,-0.12707910,-0.14847250
15.83189690,-0.25434120,-0.32731100
15.85237690,-0.36335340,-0.50630210
15.87285690,-0.43610950,-0.64043090
15.89333690,-0.49061550,-0.73000280
15.91381690,-0.50880460,-0.73000280
15.93429690,-0.47242650,-0.68529310
15.95477690,-0.39973140,-0.59572130
15.97525690,-0.29065830,-0.46159250
15.99573690,-0.18158510,-0.28260140
16.01621690,-0.03619495,-0.05890072
16.03669690,0.09094515,0.16464740
16.05717690,0.23639640,0.34348580
16.07765690,0.34546950,0.52247690
16.09813690,0.41816460,0.61189610
16.11861690,0.47267070,0.70146790
16.13909690,0.47267070,0.74617760
16.15957690,0.43635370,0.74617760
16.18005690,0.38178660,0.65675830
16.20053690,0.29090240,0.52247690
16.22101690,0.14551230,0.29877620
16.24149690,0.01825007,0.11993770
16.26197690,-0.14526810,-0.10361030
16.28245690,-0.27246930,-0.32731100
16.30293690,-0.38154240,-0.50630210
16.32341690,-0.45423750,-0.64043090
16.34389690,-0.49061550,-0.73000280
16.36437690,-0.49061550,-0.73000280
16.38485690,-0.45423750,-0.68529310
16.40533690,-0.36335340,-0.59572130
16.42581690,-0.25434120,-0.41688280
16.44629690,-0.10889000,-0.23789180
16.46677690,0.01825007,-0.01419111
16.48725690,0.18182930,0.20935700
16.50773690,0.29090240,0.38834800
16.52821690,0.38178660,0.56718650
16.54869690,0.47267070,0.65675830
16.56917690,0.47267070,0.74617760
16.58965690,0.47267070,0.74617760
16.61013690,0.39997560,0.70146790
16.63061690,0.30909140,0.56718650
16.65109690,0.18182930,0.38834800
16.67157690,0.03643910,0.16464740
16.69205690,-0.10889000,-0.05890072
16.71253690,-0.25434120,-0.23789180
16.73301690,-0.34522540,-0.46159250
16.75349690,-0.43610950,-0.59572130
16.77397690,-0.49061550,-0.68529310
16.79445690,-0.50880460,-0.73000280
16.81493690,-0.47242650,-0.68529310
16.83541690,-0.39973140,-0.64043090
16.85589690,-0.29065830,-0.46159250
16.87637690,-0.16345710,-0.32731100
16.89685690,0.00012207,-0.05890072
16.91733690,0.12732320,0.16464740
16.93781690,0.27271340,0.34348580
16.95829690,0.36359750,0.52247690
16.97877690,0.45448160,0.65675830
16.99925690,0.49085970,0.74617760
17.01973690,0.47267070,0.74617760
17.04021690,0.41816460,0.70146790
17.06069689,0.32728050,0.56718650
17.08117689,0.21820730,0.38834800
17.10165689,0.07281716,0.25406660
17.12213689,-0.07257301,0.03051851
17.14261689,-0.21796320,-0.19318220
17.16309689,-0.32703640,-0.37202060
17.18357689,-0.43610950,-0.55101170
17.20405689,-0.49061550,-0.68529310
17.22453689,-0.49061550,-0.73000280
17.24501689,-0.47242650,-0.68529310
17.26549689,-0.39973140,-0.64043090
17.28597689,-0.27246930,-0.50630210
17.30645689,-0.12707910,-0.32731100
17.32693689,0.01825007,-0.05890072
17.34741689,0.14551230,0.16464740
17.36789689,0.29090240,0.34348580
17.38837689,0.39997560,0.52247690
17.40885689,0.45448160,0.65675830
17.42933689,0.47267070,0.74617760
17.44981689,0.43635370,0.74617760
17.47029689,0.38178660,0.65675830
17.49077689,0.29090240,0.52247690
17.51125689,0.14551230,0.34348580
17.53173689,0.00012207,0.16464740
17.55221689,-0.16345710,-0.05890072
17.57269689,-0.29065830,-0.32731100
17.59317689,-0.39973140,-0.50630210
17.61365689,-0.47242650,-0.64043090
17.63413689,-0.50880460,-0.68529310
17.65461689,-0.49061550,-0.73000280
17.67509689,-0.43610950,-0.68529310
17.69557689,-0.32703640,-0.55101170
17.71605689,-0.18158510,-0.37202060
17.73653689,-0.05438399,-0.14847250
17.75701689,0.10913420,0.07522812
17.77749689,0.25458540,0.29877620
17.79797689,0.36359750,0.47776730
17.81845689,0.43635370,0.61189610
17.83893689,0.47267070,0.70146790
17.85941689,0.47267070,0.74617760
17.87989689,0.41816460,0.70146790
17.90037689,0.30909140,0.56718650
17.92085689,0.18182930,0.43305760
17.94133689,0.03643910,0.20935700
17.96181689,-0.10889000,-0.01419111
17.98229689,-0.23615220,-0.23789180
18.00277689,-0.36335340,-0.41688280
18.02325689,-0.45423750,-0.59572130
18.04373689,-0.49061550,-0.68529310
18.06421689,-0.49061550,-0.73000280
18.08469689,-0.43610950,-0.68529310
18.10517689,-0.36335340,-0.59572130
18.12565689,-0.21796320,-0.41688280
18.14613689,-0.09070101,-0.23789180
18.16661689,0.07281716,-0.01419111
18.18709689,0.21820730,0.20935700
18.20757689,0.34546950,0.38834800
18.22805689,0.43635370,0.56718650
18.24853689,0.47267070,0.70146790
18.26901689,0.47267070,0.74617760
18.28949689,0.41816460,0.70146790
18.30997689,0.30909140,0.61189610
18.33045689,0.20001830,0.43305760
18.35093689,0.03643910,0.25406660
18.37141689,-0.10889000,0.03051851
18.39189689,-0.27246930,-0.19318220
18.41237689,-0.39973140,-0.41688280
18.43285689,-0.47242650,-0.55101170
18.45333689,-0.50880460,-0.68529310
18.47381689,-0.47242650,-0.73000280
18.49429689,-0.41792050,-0.68529310
18.51477689,-0.30884730,-0.55101170
18.53525689,-0.18158510,-0.37202060
18.55573689,-0.01800592,-0.14847250
18.57621689,0.14551230,0.03051851
18.59669689,0.27271340,0.29877620
18.61717689,0.38178660,0.47776730
18.63765689,0.45448160,0.65675830
18.65813689,0.47267070,0.70146790
18.67861689,0.45448160,0.74617760
18.69909689,0.38178660,0.65675830
18.71957688,0.27271340,0.52247690
18.74005688,0.10913420,0.34348580
18.76053688,-0.03619495,0.16464740
18.78101688,-0.18158510,-0.10361030
18.80149688,-0.32703640,-0.32731100
18.82197688,-0.43610950,-0.50630210
18.84245688,-0.49061550,-0.64043090
18.86293688,-0.50880460,-0.68529310
18.88341688,-0.45423750,-0.68529310
18.90389688,-0.36335340,-0.64043090
18.92437688,-0.25434120,-0.46159250
18.94485688,-0.10889000,-0.28260140
18.96533688,0.07281716,-0.05890072
18.98581688,0.21820730,0.16464740
19.00629688,0.32728050,0.38834800
19.02677688,0.43635370,0.56718650
19.04725688,0.47267070,0.70146790
19.06773688,0.47267070,0.74617760
19.08821688,0.41816460,0.70146790
19.10869688,0.32728050,0.61189610
19.12917688,0.20001830,0.43305760
19.14965688,0.05462813,0.25406660
19.17013688,-0.10889000,0.03051851
19.19061688,-0.27246930,-0.19318220
19.21109688,-0.38154240,-0.41688280
19.23157688,-0.47242650,-0.59572130
19.25205688,-0.50880460,-0.68529310
19.27253688,-0.47242650,-0.73000280
19.29301688,-0.39973140,-0.68529310
19.31349688,-0.29065830,-0.55101170
19.33397688,-0.14526810,-0.37202060
19.35445688,0.03643910,-0.14847250
19.37493688,0.18182930,0.11993770
19.39541688,0.32728050,0.34348580
19.41589688,0.41816460,0.52247690
19.43637688,0.47267070,0.65675830
19.45685688,0.47267070,0.70146790
19.47733688,0.41816460,0.70146790
19.49781688,0.32728050,0.61189610
19.51829688,0.18182930,0.43305760
19.53877688,0.00012207,0.20935700
19.55925688,-0.14526810,0.03051851
19.57973688,-0.29065830,-0.23789180
19.60021688,-0.39973140,-0.41688280
19.62069688,-0.47242650,-0.59572130
19.64117688,-0.50880460,-0.68529310
19.66165688,-0.47242650,-0.68529310
19.68213688,-0.36335340,-0.64043090
19.70261688,-0.25434120,-0.50630210
19.72309688,-0.10889000,-0.32731100
19.74357688,0.07281716,-0.05890072
19.76405688,0.21820730,0.16464740
19.78453688,0.34546950,0.38834800
19.80501688,0.43635370,0.56718650
19.82549688,0.47267070,0.65675830
19.84597688,0.47267070,0.74617760
19.86645688,0.38178660,0.70146790
19.88693688,0.29090240,0.56718650
19.90741688,0.14551230,0.38834800
19.92789688,-0.01800592,0.16464740
19.94837688,-0.18158510,-0.01419111
19.96885688,-0.32703640,-0.28260140
19.98933688,-0.43610950,-0.46159250
20.00981688,-0.49061550,-0.64043090
20.03029688,-0.49061550,-0.68529310
20.05077688,-0.43610950,-0.68529310
20.07125688,-0.34522540,-0.59572130
20.09173688,-0.21796320,-0.50630210
20.11221688,-0.07257301,-0.28260140
20.13269688,0.09094515,-0.01419111
20.15317688,0.25458540,0.20935700
20.17365688,0.38178660,0.43305760
20.19413688,0.45448160,0.56718650
20.21461688,0.47267070,0.70146790
20.23509688,0.43635370,0.70146790
20.25557688,0.36359750,0.65675830
20.27605688,0.21820730,0.52247690
20.29653688,0.07281716,0.34348580
20.31701688,-0.10889000,0.11993770
20.33749688,-0.25434120,-0.14847250
20.35797687,-0.39973140,-0.37202060
20.37845687,-0.47242650,-0.55101170
20.39893687,-0.49061550,-0.68529310
20.41941687,-0.47242650,-0.68529310
20.43989687,-0.38154240,-0.68529310
20.46037687,-0.25434120,-0.50630210
20.48085687,-0.07257301,-0.32731100
20.50133687,0.09094515,-0.10361030
20.52181687,0.23639640,0.16464740
20.54229687,0.36359750,0.38834800
20.56277687,0.43635370,0.52247690
20.58325687,0.47267070,0.70146790
20.60373687,0.45448160,0.70146790
20.62421687,0.36359750,0.65675830
20.64469687,0.23639640,0.52247690
20.66517687,0.07281716,0.34348580
20.68565687,-0.09070101,0.11993770
20.70613687,-0.25434120,-0.14847250
20.72661687,-0.38154240,-0.32731100
20.74709687,-0.47242650,-0.55101170
20.76757687,-0.49061550,-0.68529310
20.78805687,-0.47242650,-0.68529310
20.80853687,-0.38154240,-0.64043090
20.82901687,-0.25434120,-0.50630210
20.84949687,-0.09070101,-0.32731100
20.86997687,0.07281716,-0.10361030
20.89045687,0.23639640,0.16464740
20.91093687,0.36359750,0.34348580
20.93141687,0.43635370,0.52247690
20.95189687,0.47267070,0.65675830
20.97237687,0.45448160,0.70146790
20.99285687,0.38178660,0.65675830
21.01333687,0.25458540,0.56718650
21.03381687,0.09094515,0.34348580
21.05429687,-0.07257301,0.16464740
21.07477687,-0.23615220,-0.10361030
21.09525687,-0.36335340,-0.32731100
21.11573687,-0.47242650,-0.50630210
21.13621687,-0.49061550,-0.64043090
21.15669687,-0.47242650,-0.68529310
21.17717687,-0.39973140,-0.68529310
21.19765687,-0.25434120,-0.55101170
21.21813687,-0.09070101,-0.32731100
21.23861687,0.09094515,-0.14847250
21.25909687,0.23639640,0.16464740
21.27957687,0.36359750,0.38834800
21.30005687,0.45448160,0.56718650
21.32053687,0.47267070,0.70146790
21.34101687,0.43635370,0.70146790
21.36149687,0.34546950,0.65675830
21.38197687,0.20001830,0.52247690
21.40245687,0.01825007,0.29877620
21.42293687,-0.14526810,0.07522812
21.44341687,-0.29065830,-0.19318220
21.46389687,-0.43610950,-0.37202060
21.48437687,-0.49061550,-0.55101170
21.50485687,-0.49061550,-0.64043090
21.52533687,-0.43610950,-0.68529310
21.54581687,-0.32703640,-0.59572130
21.56629687,-0.18158510,-0.41688280
21.58677687,0.00012207,-0.23789180
21.60725687,0.18182930,0.03051851
21.62773687,0.30909140,0.25406660
21.64821687,0.43635370,0.47776730
21.66869687,0.47267070,0.61189610
21.68917687,0.47267070,0.65675830
21.70965687,0.39997560,0.65675830
21.73013687,0.25458540,0.56718650
21.75061687,0.09094515,0.38834800
21.77109687,-0.07257301,0.16464740
21.79157687,-0.23615220,-0.05890072
21.81205687,-0.38154240,-0.32731100
21.83253687,-0.47242650,-0.50630210
21.85301687,-0.49061550,-0.64043090
21.87349687,-0.47242650,-0.68529310
21.89397687,-0.38154240,-0.64043090
21.91445687,-0.21796320,-0.50630210
21.93493687,-0.07257301,-0.32731100
21.95541687,0.09094515,-0.10361030
21.97589687,0.25458540,0.16464740
21.99637686,0.38178660,0.34348580
22.01685686,0.45448160,0.56718650
22.03733686,0.47267070,0.70146790
22.05781686,0.43635370,0.70146790
22.07829686,0.32728050,0.61189610
22.09877686,0.18182930,0.52247690
22.11925686,0.01825007,0.29877620
22.13973686,-0.18158510,0.03051851
22.16021686,-0.32703640,-0.19318220
22.18069686,-0.43610950,-0.41688280
22.20117686,-0.49061550,-0.59572130
22.22165686,-0.47242650,-0.68529310
22.24213686,-0.41792050,-0.68529310
22.26261686,-0.27246930,-0.55101170
22.28309686,-0.10889000,-0.37202060
22.30357686,0.07281716,-0.14847250
22.32405686,0.23639640,0.07522812
22.34453686,0.38178660,0.38834800
22.36501686,0.45448160,0.52247690
22.38549686,0.47267070,0.65675830
22.40597686,0.43635370,0.70146790
22.42645686,0.32728050,0.61189610
22.44693686,0.16370130,0.47776730
22.46741686,0.00012207,0.25406660
22.48789686,-0.19977420,0.03051851
22.50837686,-0.34522540,-0.19318220
22.52885686,-0.45423750,-0.41688280
22.54933686,-0.50880460,-0.55101170
22.56981686,-0.47242650,-0.68529310
22.59029686,-0.38154240,-0.64043090
22.61077686,-0.25434120,-0.50630210
22.63125686,-0.07257301,-0.32731100
22.65173686,0.10913420,-0.14847250
22.67221686,0.25458540,0.11993770
22.69269686,0.38178660,0.34348580
22.71317686,0.47267070,0.56718650
22.73365686,0.47267070,0.65675830
22.75413686,0.41816460,0.70146790
22.77461686,0.29090240,0.61189610
22.79509686,0.14551230,0.47776730
22.81557686,-0.03619495,0.20935700
22.83605686,-0.21796320,-0.01419111
22.85653686,-0.36335340,-0.23789180
22.87701686,-0.45423750,-0.46159250
22.89749686,-0.49061550,-0.59572130
22.91797686,-0.47242650,-0.68529310
22.93845686,-0.36335340,-0.64043090
22.95893686,-0.21796320,-0.50630210
22.97941686,-0.03619495,-0.32731100
22.99989686,0.12732320,-0.10361030
23.02037686,0.29090240,0.16464740
23.04085686,0.39997560,0.38834800
23.06133686,0.47267070,0.56718650
23.08181686,0.47267070,0.65675830
23.10229686,0.39997560,0.65675830
23.12277686,0.27271340,0.56718650
23.14325686,0.10913420,0.38834800
23.16373686,-0.07257301,0.20935700
23.18421686,-0.25434120,-0.01419111
23.20469686,-0.38154240,-0.28260140
23.22517686,-0.47242650,-0.55101170
23.24565686,-0.50880460,-0.59572130
23.26613686,-0.43610950,-0.64043090
23.28661686,-0.32703640,-0.59572130
23.30709686,-0.16345710,-0.41688280
23.32757686,0.03643910,-0.23789180
23.34805686,0.21820730,-0.01419111
23.36853686,0.36359750,0.25406660
23.38901686,0.43635370,0.47776730
23.40949686,0.47267070,0.61189610
23.42997686,0.43635370,0.65675830
23.45045686,0.32728050,0.61189610
23.47093686,0.16370130,0.52247690
23.49141686,-0.01800592,0.29877620
23.51189686,-0.21796320,0.03051851
23.53237686,-0.34522540,-0.19318220
23.55285686,-0.45423750,-0.41688280
23.57333686,-0.49061550,-0.59572130
23.59381686,-0.47242650,-0.64043090
23.61429686,-0.34522540,-0.59572130
23.63477686,-0.19977420,-0.50630210
23.65525685,-0.01800592,-0.28260140
23.67573685,0.16370130,-0.05890072
23.69621685,0.32728050,0.20935700
23.71669685,0.43635370,0.38834800
23.73717685,0.47267070,0.56718650
23.75765685,0.45448160,0.65675830
23.77813685,0.36359750,0.65675830
23.79861685,0.21820730,0.47776730
23.81909685,0.03643910,0.34348580
23.83957685,-0.16345710,0.11993770
23.86005685,-0.32703640,-0.14847250
23.88053685,-0.43610950,-0.37202060
23.90101685,-0.49061550,-0.55101170
23.92149685,-0.47242650,-0.64043090
23.94197685,-0.39973140,-0.64043090
23.96245685,-0.25434120,-0.55101170
23.98293685,-0.07257301,-0.37202060
24.00341685,0.10913420,-0.10361030
24.02389685,0.29090240,0.11993770
24.04437685,0.39997560,0.34348580
24.06485685,0.47267070,0.52247690
24.08533685,0.45448160,0.65675830
24.10581685,0.38178660,0.65675830
24.12629685,0.25458540,0.56718650
24.14677685,0.07281716,0.38834800
24.16725685,-0.10889000,0.16464740
24.18773685,-0.29065830,-0.05890072
24.20821685,-0.41792050,-0.32731100
24.22869685,-0.49061550,-0.50630210
24.24917685,-0.49061550,-0.64043090
24.26965685,-0.39973140,-0.64043090
24.29013685,-0.25434120,-0.55101170
24.31061685,-0.07257301,-0.37202060
24.33109685,0.10913420,-0.14847250
24.35157685,0.29090240,0.11993770
24.37205685,0.39997560,0.34348580
24.39253685,0.47267070,0.52247690
24.41301685,0.45448160,0.65675830
24.43349685,0.36359750,0.65675830
24.45397685,0.21820730,0.52247690
24.47445685,0.03643910,0.38834800
24.49493685,-0.14526810,0.16464740
24.51541685,-0.32703640,-0.14847250
24.53589685,-0.43610950,-0.37202060
24.55637685,-0.49061550,-0.55101170
24.57685685,-0.47242650,-0.59572130
24.59733685,-0.36335340,-0.59572130
24.61781685,-0.19977420,-0.50630210
24.63829685,-0.03619495,-0.32731100
24.65877685,0.16370130,-0.05890072
24.67925685,0.32728050,0.16464740
24.69973685,0.43635370,0.38834800
24.72021685,0.47267070,0.56718650
24.74069685,0.43635370,0.65675830
24.76117685,0.32728050,0.61189610
24.78165685,0.18182930,0.52247690
24.80213685,-0.01800592,0.29877620
24.82261685,-0.19977420,0.07522812
24.84309685,-0.36335340,-0.19318220
24.86357685,-0.47242650,-0.37202060
24.88405685,-0.49061550,-0.55101170
24.90453685,-0.45423750,-0.64043090
24.92501685,-0.34522540,-0.55101170
24.94549685,-0.18158510,-0.46159250
24.96597685,0.01825007,-0.28260140
24.98645685,0.21820730,-0.01419111
25.00693685,0.36359750,0.20935700
25.02741685,0.43635370,0.47776730
25.04789685,0.47267070,0.56718650
25.06837685,0.41816460,0.65675830
25.08885685,0.29090240,0.56718650
25.10933685,0.14551230,0.47776730
25.12981685,-0.05438399,0.25406660
25.15029685,-0.23615220,0.03051851
25.17077685,-0.39973140,-0.23789180
25.19125685,-0.47242650,-0.46159250
25.21173685,-0.49061550,-0.59572130
25.23221685,-0.41792050,-0.59572130
25.25269685,-0.27246930,-0.55101170
25.27317685,-0.07257301,-0.41688280
25.29365684,0.10913420,-0.19318220
25.31413684,0.29090240,0.07522812
25.33461684,0.41816460,0.34348580
25.35509684,0.47267070,0.52247690
25.37557684,0.45448160,0.61189610
25.39605684,0.34546950,0.61189610
25.41653684,0.20001830,0.52247690
25.43701684,0.00012207,0.34348580
25.45749684,-0.19977420,0.11993770
25.47797684,-0.36335340,-0.14847250
25.49845684,-0.47242650,-0.37202060
25.51893684,-0.49061550,-0.55101170
25.53941684,-0.43610950,-0.59572130
25.55989684,-0.32703640,-0.59572130
25.58037684,-0.14526810,-0.41688280
25.60085684,0.07281716,-0.23789180
25.62133684,0.23639640,0.03051851
25.64181684,0.38178660,0.25406660
25.66229684,0.47267070,0.47776730
25.68277684,0.45448160,0.56718650
25.70325684,0.36359750,0.61189610
25.72373684,0.23639640,0.56718650
25.74421684,0.03643910,0.38834800
25.76469684,-0.14526810,0.16464740
25.78517684,-0.32703640,-0.10361030
25.80565684,-0.43610950,-0.32731100
25.82613684,-0.49061550,-0.50630210
25.84661684,-0.45423750,-0.64043090
25.86709684,-0.36335340,-0.59572130
25.88757684,-0.18158510,-0.46159250
25.90805684,0.01825007,-0.28260140
25.92853684,0.21820730,-0.05890072
25.94901684,0.36359750,0.16464740
25.96949684,0.45448160,0.38834800
25.98997684,0.47267070,0.56718650
26.01045684,0.39997560,0.65675830
26.03093684,0.29090240,0.56718650
26.05141684,0.10913420,0.43305760
26.07189684,-0.10889000,0.20935700
26.09237684,-0.29065830,-0.01419111
26.11285684,-0.41792050,-0.28260140
26.13333684,-0.49061550,-0.46159250
26.15381684,-0.47242650,-0.55101170
26.17429684,-0.38154240,-0.59572130
26.19477684,-0.21796320,-0.50630210
26.21525684,-0.01800592,-0.32731100
26.23573684,0.18182930,-0.10361030
26.25621684,0.32728050,0.16464740
26.27669684,0.45448160,0.38834800
26.29717684,0.47267070,0.52247690
26.31765684,0.39997560,0.65675830
26.33813684,0.27271340,0.56718650
26.35861684,0.07281716,0.47776730
26.37909684,-0.10889000,0.20935700
26.39957684,-0.30884730,-0.01419111
26.42005684,-0.43610950,-0.32731100
26.44053684,-0.49061550,-0.50630210
26.46101684,-0.47242650,-0.59572130
26.48149684,-0.36335340,-0.55101170
26.50197684,-0.18158510,-0.50630210
26.52245684,0.01825007,-0.32731100
26.54293684,0.21820730,-0.05890072
26.56341684,0.36359750,0.20935700
26.58389684,0.45448160,0.43305760
26.60437684,0.47267070,0.56718650
26.62485684,0.38178660,0.61189610
26.64533684,0.23639640,0.56718650
26.66581684,0.05462813,0.38834800
26.68629684,-0.14526810,0.16464740
26.70677684,-0.32703640,-0.05890072
26.72725684,-0.45423750,-0.32731100
26.74773684,-0.49061550,-0.50630210
26.76821684,-0.45423750,-0.59572130
26.78869684,-0.32703640,-0.59572130
26.80917684,-0.14526810,-0.46159250
26.82965684,0.05462813,-0.23789180
26.85013684,0.25458540,-0.01419111
26.87061684,0.38178660,0.25406660
26.89109684,0.47267070,0.47776730
26.91157684,0.45448160,0.56718650
26.93205683,0.36359750,0.61189610
26.95253683,0.21820730,0.52247690
26.97301683,0.00012207,0.34348580
26.99349683,-0.19977420,0.11993770
27.01397683,-0.36335340,-0.14847250
27.03445683,-0.47242650,-0.37202060
27.05493683,-0.49061550,-0.55101170
27.07541683,-0.43610950,-0.59572130
27.09589683,-0.29065830,-0.55101170
27.11637683,-0.10889000,-0.37202060
27.13685683,0.10913420,-0.19318220
27.15733683,0.29090240,0.03051851
27.17781683,0.41816460,0.29877620
27.19829683,0.47267070,0.52247690
27.21877683,0.43635370,0.56718650
27.23925683,0.30909140,0.56718650
27.25973683,0.14551230,0.47776730
27.28021683,-0.07257301,0.29877620
27.30069683,-0.29065830,0.03051851
27.32117683,-0.41792050,-0.19318220
27.34165683,-0.49061550,-0.41688280
27.36213683,-0.47242650,-0.55101170
27.38261683,-0.36335340,-0.59572130
27.40309683,-0.18158510,-0.50630210
27.42357683,0.01825007,-0.32731100
27.44405683,0.21820730,-0.05890072
27.46453683,0.36359750,0.20935700
27.48501683,0.45448160,0.43305760
27.50549683,0.45448160,0.56718650
27.52597683,0.36359750,0.61189610
27.54645683,0.20001830,0.52247690
27.56693683,0.00012207,0.34348580
27.58741683,-0.19977420,0.11993770
27.60789683,-0.36335340,-0.14847250
27.62837683,-0.47242650,-0.37202060
27.64885683,-0.49061550,-0.55101170
27.66933683,-0.39973140,-0.59572130
27.68981683,-0.25434120,-0.55101170
27.71029683,-0.05438399,-0.37202060
27.73077683,0.14551230,-0.14847250
27.75125683,0.32728050,0.11993770
27.77173683,0.43635370,0.34348580
27.79221683,0.47267070,0.52247690
27.81269683,0.39997560,0.61189610
27.83317683,0.27271340,0.56718650
27.85365683,0.07281716,0.38834800
27.87413683,-0.12707910,0.20935700
27.89461683,-0.32703640,-0.01419111
27.91509683,-0.45423750,-0.28260140
27.93557683,-0.49061550,-0.50630210
27.95605683,-0.43610950,-0.55101170
27.97653683,-0.32703640,-0.55101170
27.99701683,-0.12707910,-0.46159250
28.01749683,0.09094515,-0.23789180
28.03797683,0.27271340,0.03051851
28.05845683,0.39997560,0.29877620
28.07893683,0.47267070,0.47776730
28.09941683,0.43635370,0.56718650
28.11989683,0.32728050,0.61189610
28.14037683,0.14551230,0.47776730
28.16085683,-0.07257301,0.29877620
28.18133683,-0.27246930,0.03051851
28.20181683,-0.41792050,-0.19318220
28.22229683,-0.49061550,-0.41688280
28.24277683,-0.45423750,-0.55101170
28.26325683,-0.34522540,-0.55101170
28.28373683,-0.16345710,-0.50630210
28.30421683,0.05462813,-0.28260140
28.32469683,0.25458540,-0.01419111
28.34517683,0.39997560,0.20935700
28.36565683,0.47267070,0.43305760
28.38613683,0.43635370,0.56718650
28.40661683,0.32728050,0.52247690
28.42709683,0.14551230,0.47776730
28.44757683,-0.07257301,0.29877620
28.46805683,-0.27246930,0.03051851
28.48853683,-0.43610950,-0.19318220
28.50901683,-0.49061550,-0.41688280
28.52949683,-0.47242650,-0.55101170
28.54997683,-0.34522540,-0.55101170
28.57045683,-0.14526810,-0.46159250
28.59093682,0.07281716,-0.23789180
28.61141682,0.25458540,-0.01419111
28.63189682,0.39997560,0.25406660
28.65237682,0.47267070,0.47776730
28.67285682,0.43635370,0.56718650
28.69333682,0.32728050,0.56718650
28.71381682,0.14551230,0.52247690
28.73429682,-0.09070101,0.29877620
28.75477682,-0.29065830,0.03051851
28.77525682,-0.43610950,-0.23789180
28.79573682,-0.49061550,-0.46159250
28.81621682,-0.45423750,-0.55101170
28.83669682,-0.32703640,-0.55101170
28.85717682,-0.14526810,-0.46159250
28.87765682,0.07281716,-0.23789180
28.89813682,0.27271340,0.03051851
28.91861682,0.39997560,0.25406660
28.93909682,0.47267070,0.47776730
28.95957682,0.43635370,0.56718650
28.98005682,0.30909140,0.56718650
29.00053682,0.12732320,0.47776730
29.02101682,-0.09070101,0.25406660
29.04149682,-0.29065830,0.03051851
29.06197682,-0.43610950,-0.23789180
29.08245682,-0.49061550,-0.46159250
29.10293682,-0.45423750,-0.55101170
29.12341682,-0.32703640,-0.55101170
29.14389682,-0.14526810,-0.41688280
29.16437682,0.07281716,-0.23789180
29.18485682,0.29090240,0.03051851
29.20533682,0.39997560,0.25406660
29.22581682,0.47267070,0.47776730
29.24629682,0.41816460,0.56718650
29.26677682,0.27271340,0.56718650
29.28725682,0.05462813,0.43305760
29.30773682,-0.14526810,0.20935700
29.32821682,-0.34522540,-0.01419111
29.34869682,-0.47242650,-0.28260140
29.36917682,-0.49061550,-0.46159250
29.38965682,-0.41792050,-0.55101170
29.41013682,-0.25434120,-0.50630210
29.43061682,-0.03619495,-0.37202060
29.45109682,0.18182930,-0.14847250
29.47157682,0.36359750,0.11993770
29.49205682,0.45448160,0.34348580
29.51253682,0.45448160,0.52247690
29.53301682,0.36359750,0.56718650
29.55349682,0.18182930,0.52247690
29.57397682,-0.01800592,0.34348580
29.59445682,-0.23615220,0.11993770
29.61493682,-0.39973140,-0.14847250
29.63541682,-0.49061550,-0.37202060
29.65589682,-0.47242650,-0.50630210
29.67637682,-0.34522540,-0.55101170
29.69685682,-0.16345710,-0.46159250
29.71733682,0.05462813,-0.28260140
29.73781682,0.25458540,-0.01419111
29.75829682,0.39997560,0.20935700
29.77877682,0.47267070,0.43305760
29.79925682,0.43635370,0.52247690
29.81973682,0.29090240,0.56718650
29.84021682,0.10913420,0.43305760
29.86069682,-0.10889000,0.25406660
29.88117682,-0.32703640,-0.01419111
29.90165682,-0.45423750,-0.28260140
29.92213682,-0.49061550,-0.46159250
29.94261682,-0.43610950,-0.55101170
29.96309682,-0.27246930,-0.55101170
29.98357682,-0.07257301,-0.37202060
30.00405682,0.14551230,-0.19318220
30.02453682,0.34546950,0.07522812
30.04501682,0.45448160,0.34348580
30.06549682,0.47267070,0.52247690
30.08597682,0.38178660,0.56718650
30.10645682,0.21820730,0.52247690
30.12693682,0.00012207,0.38834800
30.14741682,-0.19977420,0.11993770
30.16789682,-0.39973140,-0.14847250
30.18837682,-0.49061550,-0.32731100
30.20885682,-0.47242650,-0.50630210
30.22933681,-0.36335340,-0.55101170
30.24981681,-0.16345710,-0.46159250
30.27029681,0.07281716,-0.28260140
30.29077681,0.25458540,-0.01419111
30.31125681,0.41816460,0.20935700
30.33173681,0.47267070,0.43305760
30.35221681,0.39997560,0.56718650
30.37269681,0.25458540,0.56718650
30.39317681,0.07281716,0.43305760
30.41365681,-0.18158510,0.20935700
30.43413681,-0.36335340,-0.05890072
30.45461681,-0.47242650,-0.32731100
30.47509681,-0.49061550,-0.50630210
30.49557681,-0.38154240,-0.55101170
30.51605681,-0.19977420,-0.50630210
30.53653681,0.01825007,-0.32731100
30.55701681,0.23639640,-0.05890072
30.57749681,0.39997560,0.16464740
30.59797681,0.47267070,0.38834800
30.61845681,0.43635370,0.56718650
30.63893681,0.30909140,0.56718650
30.65941681,0.09094515,0.47776730
30.67989681,-0.12707910,0.20935700
30.70037681,-0.32703640,-0.01419111
30.72085681,-0.45423750,-0.28260140
30.74133681,-0.49061550,-0.46159250
30.76181681,-0.41792050,-0.55101170
30.78229681,-0.23615220,-0.50630210
30.80277681,-0.03619495,-0.37202060
30.82325681,0.20001830,-0.14847250
30.84373681,0.36359750,0.11993770
30.86421681,0.45448160,0.34348580
30.88469681,0.43635370,0.52247690
30.90517681,0.32728050,0.56718650
30.92565681,0.14551230,0.47776730
30.94613681,-0.07257301,0.29877620
30.96661681,-0.29065830,0.03051851
30.98709681,-0.43610950,-0.19318220
31.00757681,-0.49061550,-0.41688280
31.02805681,-0.43610950,-0.55101170
31.04853681,-0.27246930,-0.55101170
31.06901681,-0.07257301,-0.37202060
31.08949681,0.14551230,-0.19318220
31.10997681,0.32728050,0.07522812
31.13045681,0.45448160,0.29877620
31.15093681,0.45448160,0.52247690
31.17141681,0.36359750,0.56718650
31.19189681,0.18182930,0.52247690
31.21237681,-0.07257301,0.34348580
31.23285681,-0.29065830,0.07522812
31.25333681,-0.43610950,-0.19318220
31.27381681,-0.49061550,-0.41688280
31.29429681,-0.43610950,-0.50630210
31.31477681,-0.29065830,-0.50630210
31.33525681,-0.05438399,-0.37202060
31.35573681,0.16370130,-0.19318220
31.37621681,0.36359750,0.07522812
31.39669681,0.45448160,0.34348580
31.41717681,0.45448160,0.47776730
31.43765681,0.32728050,0.56718650
31.45813681,0.14551230,0.52247690
31.47861681,-0.09070101,0.29877620
31.49909681,-0.30884730,0.03051851
31.51957681,-0.43610950,-0.19318220
31.54005681,-0.49061550,-0.41688280
31.56053681,-0.41792050,-0.55101170
31.58101681,-0.25434120,-0.50630210
31.60149681,-0.01800592,-0.37202060
31.62197681,0.20001830,-0.14847250
31.64245681,0.38178660,0.16464740
31.66293681,0.45448160,0.34348580
31.68341681,0.43635370,0.52247690
31.70389681,0.30909140,0.56718650
31.72437681,0.10913420,0.43305760
31.74485681,-0.12707910,0.25406660
31.76533681,-0.32703640,-0.01419111
31.78581681,-0.47242650,-0.23789180
31.80629681,-0.49061550,-0.41688280
31.82677681,-0.39973140,-0.55101170
31.84725681,-0.21796320,-0.50630210
31.86773680,0.01825007,-0.32731100
31.88821680,0.23639640,-0.10361030
31.90869680,0.39997560,0.16464740
31.92917680,0.47267070,0.38834800
31.94965680,0.43635370,0.52247690
31.97013680,0.29090240,0.52247690
31.99061680,0.07281716,0.38834800
32.01109680,-0.18158510,0.20935700
32.03157680,-0.36335340,-0.01419111
32.05205680,-0.47242650,-0.32731100
32.07253680,-0.47242650,-0.46159250
32.09301680,-0.36335340,-0.55101170
32.11349680,-0.18158510,-0.46159250
32.13397680,0.03643910,-0.28260140
32.15445680,0.25458540,-0.05890072
32.17493680,0.41816460,0.20935700
32.19541680,0.47267070,0.43305760
32.21589680,0.39997560,0.56718650
32.23637680,0.23639640,0.52247690
32.25685680,0.00012207,0.38834800
32.27733680,-0.21796320,0.16464740
32.29781680,-0.39973140,-0.10361030
32.31829680,-0.49061550,-0.32731100
32.33877680,-0.43610950,-0.50630210
32.35925680,-0.29065830,-0.50630210
32.37973680,-0.07257301,-0.37202060
32.40021680,0.16370130,-0.23789180
32.42069680,0.36359750,0.07522812
32.44117680,0.43635370,0.29877620
32.46165680,0.45448160,0.47776730
32.48213680,0.32728050,0.56718650
32.50261680,0.12732320,0.47776730
32.52309680,-0.10889000,0.29877620
32.54357680,-0.32703640,0.03051851
32.56405680,-0.45423750,-0.23789180
32.58453680,-0.47242650,-0.41688280
32.60501680,-0.39973140,-0.50630210
32.62549680,-0.19977420,-0.50630210
32.64597680,0.03643910,-0.32731100
32.66645680,0.25458540,-0.01419111
32.68693680,0.39997560,0.20935700
32.70741680,0.47267070,0.43305760
32.72789680,0.39997560,0.52247690
32.74837680,0.23639640,0.52247690
32.76885680,0.00012207,0.38834800
32.78933680,-0.21796320,0.16464740
32.80981680,-0.39973140,-0.10361030
32.83029680,-0.49061550,-0.32731100
32.85077680,-0.45423750,-0.50630210
32.87125680,-0.29065830,-0.50630210
32.89173680,-0.09070101,-0.37202060
32.91221680,0.14551230,-0.19318220
32.93269680,0.34546950,0.03051851
32.95317680,0.45448160,0.29877620
32.97365680,0.45448160,0.47776730
32.99413680,0.32728050,0.56718650
33.01461680,0.14551230,0.47776730
33.03509680,-0.10889000,0.29877620
33.05557680,-0.32703640,0.07522812
33.07605680,-0.45423750,-0.19318220
33.09653680,-0.49061550,-0.41688280
33.11701680,-0.39973140,-0.55101170
33.13749680,-0.21796320,-0.50630210
33.15797680,0.01825007,-0.32731100
33.17845680,0.25458540,-0.05890072
33.19893680,0.41816460,0.16464740
33.21941680,0.47267070,0.38834800
33.23989680,0.39997560,0.52247690
33.26037680,0.21820730,0.52247690
33.28085680,-0.01800592,0.34348580
33.30133680,-0.25434120,0.16464740
33.32181680,-0.43610950,-0.10361030
33.34229680,-0.49061550,-0.37202060
33.36277680,-0.43610950,-0.50630210
33.38325680,-0.25434120,-0.50630210
33.40373680,-0.03619495,-0.37202060
33.42421680,0.21820730,-0.14847250
33.44469680,0.38178660,0.11993770
33.46517680,0.47267070,0.34348580
33.48565680,0.41816460,0.52247690
33.50613680,0.25458540,0.52247690
33.52661679,0.03643910,0.38834800
33.54709679,-0.19977420,0.16464740
33.56757679,-0.39973140,-0.05890072
33.58805679,-0.49061550,-0.32731100
33.60853679,-0.43610950,-0.46159250
33.62901679,-0.29065830,-0.55101170
33.64949679,-0.07257301,-0.37202060
33.66997679,0.16370130,-0.19318220
33.69045679,0.36359750,0.07522812
33.71093679,0.45448160,0.34348580
33.73141679,0.43635370,0.52247690
33.75189679,0.29090240,0.52247690
33.77237679,0.09094515,0.38834800
33.79285679,-0.16345710,0.20935700
33.81333679,-0.36335340,-0.01419111
33.83381679,-0.47242650,-0.28260140
33.85429679,-0.47242650,-0.46159250
33.87477679,-0.34522540,-0.50630210
33.89525679,-0.12707910,-0.46159250
33.91573679,0.10913420,-0.23789180
33.93621679,0.32728050,0.03051851
33.95669679,0.43635370,0.25406660
33.97717679,0.45448160,0.47776730
33.99765679,0.32728050,0.52247690
34.01813679,0.14551230,0.47776730
34.03861679,-0.10889000,0.25406660
34.05909679,-0.32703640,0.03051851
34.07957679,-0.47242650,-0.23789180
34.10005679,-0.47242650,-0.41688280
34.12053679,-0.38154240,-0.50630210
34.14101679,-0.18158510,-0.46159250
34.16149679,0.07281716,-0.28260140
34.18197679,0.29090240,-0.01419111
34.20245679,0.43635370,0.20935700
34.22293679,0.45448160,0.38834800
34.24341679,0.34546950,0.52247690
34.26389679,0.14551230,0.47776730
34.28437679,-0.10889000,0.34348580
34.30485679,-0.32703640,0.03051851
34.32533679,-0.45423750,-0.19318220
34.34581679,-0.49061550,-0.41688280
34.36629679,-0.36335340,-0.50630210
34.38677679,-0.14526810,-0.41688280
34.40725679,0.07281716,-0.23789180
34.42773679,0.30909140,-0.01419111
34.44821679,0.43635370,0.25406660
34.46869679,0.45448160,0.43305760
34.48917679,0.34546950,0.52247690
34.50965679,0.12732320,0.47776730
34.53013679,-0.10889000,0.25406660
34.55061679,-0.34522540,0.03051851
34.57109679,-0.47242650,-0.23789180
34.59157679,-0.47242650,-0.41688280
34.61205679,-0.34522540,-0.50630210
34.63253679,-0.12707910,-0.41688280
34.65301679,0.10913420,-0.23789180
34.67349679,0.32728050,0.03051851
34.69397679,0.45448160,0.25406660
34.71445679,0.43635370,0.47776730
34.73493679,0.32728050,0.52247690
34.75541679,0.10913420,0.43305760
34.77589679,-0.14526810,0.25406660
34.79637679,-0.36335340,0.03051851
34.81685679,-0.47242650,-0.23789180
34.83733679,-0.47242650,-0.41688280
34.85781679,-0.32703640,-0.50630210
34.87829679,-0.10889000,-0.41688280
34.89877679,0.14551230,-0.19318220
34.91925679,0.34546950,0.03051851
34.93973679,0.45448160,0.29877620
34.96021679,0.43635370,0.47776730
34.98069679,0.30909140,0.52247690
35.00117679,0.07281716,0.43305760
35.02165679,-0.16345710,0.20935700
35.04213679,-0.36335340,-0.01419111
35.06261679,-0.47242650,-0.28260140
35.08309679,-0.45423750,-0.46159250
35.10357679,-0.32703640,-0.50630210
35.12405679,-0.09070101,-0.41688280
35.14453679,0.16370130,-0.19318220
35.16501678,0.36359750,0.07522812
35.18549678,0.47267070,0.29877620
35.20597678,0.43635370,0.47776730
35.22645678,0.25458540,0.52247690
35.24693678,0.03643910,0.38834800
35.26741678,-0.21796320,0.16464740
35.28789678,-0.39973140,-0.05890072
35.30837678,-0.49061550,-0.32731100
35.32885678,-0.41792050,-0.46159250
35.34933678,-0.25434120,-0.46159250
35.36981678,0.00012207,-0.32731100
35.39029678,0.25458540,-0.14847250
35.41077678,0.39997560,0.16464740
35.43125678,0.45448160,0.38834800
35.45173678,0.38178660,0.52247690
35.47221678,0.20001830,0.47776730
35.49269678,-0.07257301,0.34348580
35.51317678,-0.29065830,0.07522812
35.53365678,-0.47242650,-0.19318220
35.55413678,-0.49061550,-0.37202060
35.57461678,-0.36335340,-0.50630210
35.59509678,-0.16345710,-0.46159250
35.61557678,0.09094515,-0.28260140
35.63605678,0.30909140,-0.01419111
35.65653678,0.43635370,0.25406660
35.67701678,0.43635370,0.43305760
35.69749678,0.32728050,0.52247690
35.71797678,0.09094515,0.43305760
35.73845678,-0.14526810,0.25406660
35.75893678,-0.36335340,-0.01419111
35.77941678,-0.47242650,-0.28260140
35.79989678,-0.45423750,-0.46159250
35.82037678,-0.29065830,-0.50630210
35.84085678,-0.05438399,-0.37202060
35.86133678,0.18182930,-0.19318220
35.88181678,0.38178660,0.07522812
35.90229678,0.47267070,0.34348580
35.92277678,0.39997560,0.47776730
35.94325678,0.23639640,0.47776730
35.96373678,0.00012207,0.38834800
35.98421678,-0.25434120,0.16464740
36.00469678,-0.41792050,-0.10361030
36.02517678,-0.49061550,-0.32731100
36.04565678,-0.41792050,-0.50630210
36.06613678,-0.21796320,-0.46159250
36.08661678,0.03643910,-0.32731100
36.10709678,0.27271340,-0.05890072
36.12757678,0.43635370,0.16464740
36.14805678,0.47267070,0.38834800
36.16853678,0.36359750,0.52247690
36.18901678,0.16370130,0.47776730
36.20949678,-0.10889000,0.29877620
36.22997678,-0.34522540,0.03051851
36.25045678,-0.47242650,-0.19318220
36.27093678,-0.47242650,-0.41688280
36.29141678,-0.32703640,-0.46159250
36.31189678,-0.07257301,-0.37202060
36.33237678,0.18182930,-0.19318220
36.35285678,0.36359750,0.07522812
36.37333678,0.47267070,0.29877620
36.39381678,0.39997560,0.47776730
36.41429678,0.21820730,0.52247690
36.43477678,-0.01800592,0.34348580
36.45525678,-0.27246930,0.11993770
36.47573678,-0.43610950,-0.14847250
36.49621678,-0.49061550,-0.37202060
36.51669678,-0.38154240,-0.46159250
36.53717678,-0.18158510,-0.46159250
36.55765678,0.09094515,-0.28260140
36.57813678,0.30909140,-0.01419111
36.59861678,0.45448160,0.20935700
36.61909678,0.43635370,0.38834800
36.63957678,0.30909140,0.47776730
36.66005678,0.07281716,0.38834800
36.68053678,-0.18158510,0.20935700
36.70101678,-0.39973140,-0.01419111
36.72149678,-0.49061550,-0.28260140
36.74197678,-0.43610950,-0.41688280
36.76245678,-0.25434120,-0.46159250
36.78293678,-0.01800592,-0.32731100
36.80341678,0.23639640,-0.14847250
36.82389677,0.41816460,0.16464740
36.84437677,0.45448160,0.38834800
36.86485677,0.36359750,0.52247690
36.88533677,0.16370130,0.47776730
36.90581677,-0.09070101,0.34348580
36.92629677,-0.34522540,0.07522812
36.94677677,-0.47242650,-0.19318220
36.96725677,-0.47242650,-0.41688280
36.98773677,-0.32703640,-0.50630210
37.00821677,-0.10889000,-0.37202060
37.02869677,0.16370130,-0.19318220
37.04917677,0.36359750,0.03051851
37.06965677,0.47267070,0.29877620
37.09013677,0.39997560,0.47776730
37.11061677,0.25458540,0.52247690
37.13109677,0.00012207,0.38834800
37.15157677,-0.25434120,0.11993770
37.17205677,-0.43610950,-0.10361030
37.19253677,-0.49061550,-0.32731100
37.21301677,-0.38154240,-0.46159250
37.23349677,-0.18158510,-0.41688280
37.25397677,0.09094515,-0.28260140
37.27445677,0.32728050,-0.01419111
37.29493677,0.45448160,0.20935700
37.31541677,0.43635370,0.43305760
37.33589677,0.29090240,0.47776730
37.35637677,0.03643910,0.38834800
37.37685677,-0.21796320,0.16464740
37.39733677,-0.43610950,-0.10361030
37.41781677,-0.49061550,-0.32731100
37.43829677,-0.39973140,-0.46159250
37.45877677,-0.19977420,-0.41688280
37.47925677,0.07281716,-0.32731100
37.49973677,0.30909140,-0.01419111
37.52021677,0.45448160,0.20935700
37.54069677,0.43635370,0.38834800
37.56117677,0.29090240,0.52247690
37.58165677,0.05462813,0.38834800
37.60213677,-0.19977420,0.20935700
37.62261677,-0.41792050,-0.05890072
37.64309677,-0.49061550,-0.32731100
37.66357677,-0.41792050,-0.46159250
37.68405677,-0.21796320,-0.46159250
37.70453677,0.05462813,-0.32731100
37.72501677,0.29090240,-0.05890072
37.74549677,0.43635370,0.16464740
37.76597677,0.45448160,0.38834800
37.78645677,0.32728050,0.47776730
37.80693677,0.07281716,0.38834800
37.82741677,-0.18158510,0.20935700
37.84789677,-0.39973140,-0.01419111
37.86837677,-0.49061550,-0.28260140
37.88885677,-0.43610950,-0.41688280
37.90933677,-0.23615220,-0.46159250
37.92981677,0.01825007,-0.32731100
37.95029677,0.27271340,-0.10361030
37.97077677,0.43635370,0.16464740
37.99125677,0.45448160,0.38834800
38.01173677,0.32728050,0.52247690
38.03221677,0.10913420,0.43305760
38.05269677,-0.16345710,0.25406660
38.07317677,-0.36335340,-0.01419111
38.09365677,-0.47242650,-0.23789180
38.11413677,-0.43610950,-0.41688280
38.13461677,-0.27246930,-0.46159250
38.15509677,0.00012207,-0.32731100
38.17557677,0.25458540,-0.10361030
38.19605677,0.43635370,0.16464740
38.21653677,0.45448160,0.38834800
38.23701677,0.32728050,0.47776730
38.25749677,0.10913420,0.43305760
38.27797677,-0.18158510,0.20935700
38.29845677,-0.39973140,-0.01419111
38.31893677,-0.49061550,-0.28260140
38.33941677,-0.41792050,-0.41688280
38.35989677,-0.21796320,-0.41688280
38.38037677,0.03643910,-0.32731100
38.40085677,0.29090240,-0.10361030
38.42133677,0.43635370,0.20935700
38.44181677,0.43635370,0.38834800
38.46229676,0.30909140,0.47776730
38.48277676,0.07281716,0.38834800
38.50325676,-0.21796320,0.20935700
38.52373676,-0.41792050,-0.05890072
38.54421676,-0.49061550,-0.32731100
38.56469676,-0.39973140,-0.41688280
38.58517676,-0.19977420,-0.41688280
38.60565676,0.09094515,-0.28260140
38.62613676,0.32728050,-0.01419111
38.64661676,0.45448160,0.20935700
38.66709676,0.43635370,0.38834800
38.68757676,0.27271340,0.47776730
38.70805676,0.01825007,0.38834800
38.72853676,-0.23615220,0.16464740
38.74901676,-0.43610950,-0.10361030
38.76949676,-0.47242650,-0.32731100
38.78997676,-0.38154240,-0.41688280
38.81045676,-0.14526810,-0.41688280
38.83093676,0.10913420,-0.23789180
38.85141676,0.34546950,-0.01419111
38.87189676,0.47267070,0.25406660
38.89237676,0.41816460,0.38834800
38.91285676,0.23639640,0.47776730
38.93333676,-0.01800592,0.34348580
38.95381676,-0.27246930,0.11993770
38.97429676,-0.43610950,-0.10361030
38.99477676,-0.47242650,-0.37202060
39.01525676,-0.34522540,-0.46159250
39.03573676,-0.10889000,-0.37202060
39.05621676,0.16370130,-0.19318220
39.07669676,0.36359750,0.03051851
39.09717676,0.47267070,0.29877620
39.11765676,0.39997560,0.43305760
39.13813676,0.20001830,0.47776730
39.15861676,-0.07257301,0.34348580
39.17909676,-0.30884730,0.11993770
39.19957676,-0.47242650,-0.19318220
39.22005676,-0.47242650,-0.37202060
39.24053676,-0.29065830,-0.41688280
39.26101676,-0.03619495,-0.37202060
39.28149676,0.23639640,-0.14847250
39.30197676,0.41816460,0.11993770
39.32245676,0.45448160,0.34348580
39.34293676,0.34546950,0.47776730
39.36341676,0.10913420,0.38834800
39.38389676,-0.18158510,0.20935700
39.40437676,-0.38154240,-0.01419111
39.42485676,-0.49061550,-0.28260140
39.44533676,-0.41792050,-0.37202060
39.46581676,-0.21796320,-0.41688280
39.48629676,0.07281716,-0.32731100
39.50677676,0.30909140,-0.05890072
39.52725676,0.45448160,0.20935700
39.54773676,0.43635370,0.38834800
39.56821676,0.25458540,0.47776730
39.58869676,0.00012207,0.38834800
39.60917676,-0.27246930,0.16464740
39.62965676,-0.45423750,-0.10361030
39.65013676,-0.49061550,-0.32731100
39.67061676,-0.34522540,-0.46159250
39.69109676,-0.10889000,-0.41688280
39.71157676,0.18182930,-0.19318220
39.73205676,0.38178660,0.03051851
39.75253676,0.47267070,0.29877620
39.77301676,0.38178660,0.47776730
39.79349676,0.18182930,0.43305760
39.81397676,-0.10889000,0.29877620
39.83445676,-0.34522540,0.03051851
39.85493676,-0.49061550,-0.19318220
39.87541676,-0.43610950,-0.41688280
39.89589676,-0.27246930,-0.41688280
39.91637676,0.00012207,-0.32731100
39.93685676,0.25458540,-0.10361030
39.95733676,0.43635370,0.16464740
39.97781676,0.45448160,0.38834800
39.99829676,0.32728050,0.47776730
40.01877676,0.07281716,0.38834800
40.03925676,-0.19977420,0.20935700
40.05973676,-0.41792050,-0.05890072
40.08021676,-0.49061550,-0.32731100
40.10069675,-0.39973140,-0.41688280
40.12117675,-0.18158510,-0.37202060
40.14165675,0.10913420,-0.23789180
40.16213675,0.36359750,-0.01419111
40.18261675,0.47267070,0.25406660
40.20309675,0.39997560,0.43305760
40.22357675,0.20001830,0.47776730
40.24405675,-0.07257301,0.34348580
40.26453675,-0.32703640,0.07522812
40.28501675,-0.47242650,-0.19318220
40.30549675,-0.45423750,-0.37202060
40.32597675,-0.29065830,-0.41688280
40.34645675,-0.01800592,-0.32731100
40.36693675,0.25458540,-0.14847250
40.38741675,0.43635370,0.16464740
40.40789675,0.45448160,0.34348580
40.42837675,0.30909140,0.47776730
40.44885675,0.03643910,0.38834800
40.46933675,-0.23615220,0.16464740
40.48981675,-0.43610950,-0.05890072
40.51029675,-0.49061550,-0.32731100
40.53077675,-0.36335340,-0.41688280
40.55125675,-0.10889000,-0.37202060
40.57173675,0.16370130,-0.19318220
40.59221675,0.38178660,0.03051851
40.61269675,0.47267070,0.34348580
40.63317675,0.38178660,0.43305760
40.65365675,0.14551230,0.43305760
40.67413675,-0.12707910,0.25406660
40.69461675,-0.36335340,0.03051851
40.71509675,-0.47242650,-0.23789180
40.73557675,-0.41792050,-0.37202060
40.75605675,-0.21796320,-0.41688280
40.77653675,0.05462813,-0.32731100
40.79701675,0.30909140,-0.05890072
40.81749675,0.45448160,0.20935700
40.83797675,0.41816460,0.38834800
40.85845675,0.23639640,0.43305760
40.87893675,-0.03619495,0.34348580
40.89941675,-0.29065830,0.16464740
40.91989675,-0.45423750,-0.14847250
40.94037675,-0.47242650,-0.37202060
40.96085675,-0.32703640,-0.41688280
40.98133675,-0.05438399,-0.37202060
41.00181675,0.21820730,-0.19318220
41.02229675,0.41816460,0.11993770
41.04277675,0.45448160,0.34348580
41.06325675,0.32728050,0.43305760
41.08373675,0.09094515,0.38834800
41.10421675,-0.19977420,0.20935700
41.12469675,-0.41792050,-0.01419111
41.14517675,-0.49061550,-0.28260140
41.16565675,-0.39973140,-0.41688280
41.18613675,-0.16345710,-0.37202060
41.20661675,0.14551230,-0.23789180
41.22709675,0.36359750,0.03051851
41.24757675,0.47267070,0.25406660
41.26805675,0.38178660,0.43305760
41.28853675,0.16370130,0.43305760
41.30901675,-0.12707910,0.29877620
41.32949675,-0.36335340,0.03051851
41.34997675,-0.49061550,-0.23789180
41.37045675,-0.41792050,-0.41688280
41.39093675,-0.19977420,-0.41688280
41.41141675,0.09094515,-0.28260140
41.43189675,0.32728050,-0.01419111
41.45237675,0.47267070,0.20935700
41.47285675,0.39997560,0.38834800
41.49333675,0.20001830,0.43305760
41.51381675,-0.07257301,0.29877620
41.53429675,-0.34522540,0.07522812
41.55477675,-0.47242650,-0.19318220
41.57525675,-0.43610950,-0.37202060
41.59573675,-0.23615220,-0.41688280
41.61621675,0.03643910,-0.32731100
41.63669675,0.30909140,-0.05890072
41.65717675,0.43635370,0.16464740
41.67765675,0.43635370,0.38834800
41.69813675,0.23639640,0.43305760
41.71861675,-0.03619495,0.34348580
41.73909675,-0.29065830,0.11993770
41.75957674,-0.47242650,-0.14847250
41.78005674,-0.45423750,-0.37202060
41.80053674,-0.29065830,-0.41688280
41.82101674,-0.01800592,-0.32731100
41.84149674,0.25458540,-0.14847250
41.86197674,0.43635370,0.16464740
41.88245674,0.43635370,0.38834800
41.90293674,0.29090240,0.47776730
41.92341674,0.01825007,0.38834800
41.94389674,-0.25434120,0.16464740
41.96437674,-0.43610950,-0.10361030
41.98485674,-0.47242650,-0.32731100
42.00533674,-0.32703640,-0.41688280
42.02581674,-0.05438399,-0.37202060
42.04629674,0.21820730,-0.14847250
42.06677674,0.39997560,0.11993770
42.08725674,0.45448160,0.34348580
42.10773674,0.32728050,0.47776730
42.12821674,0.07281716,0.38834800
42.14869674,-0.21796320,0.20935700
42.16917674,-0.43610950,-0.05890072
42.18965674,-0.47242650,-0.32731100
42.21013674,-0.34522540,-0.41688280
42.23061674,-0.09070101,-0.37202060
42.25109674,0.20001830,-0.19318220
42.27157674,0.39997560,0.07522812
42.29205674,0.45448160,0.29877620
42.31253674,0.32728050,0.43305760
42.33301674,0.07281716,0.38834800
42.35349674,-0.21796320,0.20935700
42.37397674,-0.43610950,-0.05890072
42.39445674,-0.47242650,-0.32731100
42.41493674,-0.34522540,-0.41688280
42.43541674,-0.07257301,-0.37202060
42.45589674,0.21820730,-0.19318220
42.47637674,0.41816460,0.11993770
42.49685674,0.47267070,0.34348580
42.51733674,0.32728050,0.47776730
42.53781674,0.07281716,0.38834800
42.55829674,-0.23615220,0.20935700
42.57877674,-0.43610950,-0.05890072
42.59925674,-0.47242650,-0.32731100
42.61973674,-0.32703640,-0.41688280
42.64021674,-0.07257301,-0.37202060
42.66069674,0.21820730,-0.14847250
42.68117674,0.39997560,0.11993770
42.70165674,0.45448160,0.34348580
42.72213674,0.30909140,0.38834800
42.74261674,0.03643910,0.38834800
42.76309674,-0.25434120,0.16464740
42.78357674,-0.43610950,-0.10361030
42.80405674,-0.47242650,-0.32731100
42.82453674,-0.32703640,-0.41688280
42.84501674,-0.05438399,-0.32731100
42.86549674,0.23639640,-0.14847250
42.88597674,0.43635370,0.11993770
42.90645674,0.43635370,0.34348580
42.92693674,0.30909140,0.43305760
42.94741674,0.03643910,0.38834800
42.96789674,-0.25434120,0.16464740
42.98837674,-0.45423750,-0.10361030
43.00885674,-0.47242650,-0.32731100
43.02933674,-0.32703640,-0.41688280
43.04981674,-0.03619495,-0.32731100
43.07029674,0.23639640,-0.19318220
43.09077674,0.43635370,0.11993770
43.11125674,0.45448160,0.34348580
43.13173674,0.29090240,0.43305760
43.15221674,0.01825007,0.34348580
43.17269674,-0.25434120,0.16464740
43.19317674,-0.45423750,-0.10361030
43.21365674,-0.47242650,-0.32731100
43.23413674,-0.29065830,-0.41688280
43.25461674,0.00012207,-0.32731100
43.27509674,0.27271340,-0.10361030
43.29557674,0.45448160,0.16464740
43.31605674,0.43635370,0.34348580
43.33653674,0.23639640,0.47776730
43.35701674,-0.05438399,0.34348580
43.37749674,-0.32703640,0.11993770
43.39797673,-0.47242650,-0.19318220
43.41845673,-0.43610950,-0.37202060
43.43893673,-0.21796320,-0.37202060
43.45941673,0.07281716,-0.32731100
43.47989673,0.32728050,-0.05890072
43.50037673,0.47267070,0.20935700
43.52085673,0.39997560,0.38834800
43.54133673,0.18182930,0.38834800
43.56181673,-0.10889000,0.29877620
43.58229673,-0.36335340,0.03051851
43.60277673,-0.47242650,-0.19318220
43.62325673,-0.39973140,-0.37202060
43.64373673,-0.16345710,-0.37202060
43.66421673,0.12732320,-0.23789180
43.68469673,0.36359750,0.03051851
43.70517673,0.45448160,0.25406660
43.72565673,0.36359750,0.38834800
43.74613673,0.10913420,0.38834800
43.76661673,-0.19977420,0.25406660
43.78709673,-0.41792050,-0.01419111
43.80757673,-0.47242650,-0.28260140
43.82805673,-0.36335340,-0.41688280
43.84853673,-0.09070101,-0.37202060
43.86901673,0.21820730,-0.19318220
43.88949673,0.39997560,0.07522812
43.90997673,0.43635370,0.29877620
43.93045673,0.32728050,0.43305760
43.95093673,0.03643910,0.38834800
43.97141673,-0.25434120,0.16464740
43.99189673,-0.45423750,-0.05890072
