frequency,input_amplitude,output_amplitude,input_phase,output_phase,phase_diff_rad,phase_diff_deg
0.000000000000000000e+00,1.466510240869466379e-03,6.435884461690445646e-02,-3.141592653589793116e+00,-3.141592653589793116e+00,0.000000000000000000e+00,0.000000000000000000e+00
1.143108705156951378e-02,1.334724084258688591e-03,3.427240043689664100e-03,-2.893709088902177928e+00,-9.701985274532509695e-02,2.796689236156852942e+00,1.602384898414536565e+02
2.286217410313902756e-02,1.660678145587668724e-03,3.573077596856794914e-03,-2.471986051705852727e+00,1.379750999439561393e-02,2.485783561700248168e+00,1.424249068684218855e+02
3.429326115470854308e-02,2.298336878984663049e-03,3.227577672533596658e-03,-2.726687218670798885e+00,1.451269613244287882e-01,2.871814179995227700e+00,1.645428320595498803e+02
4.572434820627805513e-02,2.422902032170817874e-03,3.373477808440726415e-03,-2.787127251129903893e+00,-1.273919255007535944e-01,2.659735325629150271e+00,1.523916087804039989e+02
5.715543525784756718e-02,2.590680405963358569e-03,3.091152476451537734e-03,-2.810909362571207826e+00,6.601626021991643944e-02,2.876925622791123960e+00,1.648356961589772709e+02
6.858652230941708616e-02,2.882037216526956141e-03,3.231993328590754711e-03,-2.895526993664160997e+00,-1.668915084138619109e-01,2.728635485250299642e+00,1.563392971344735543e+02
8.001760936098659127e-02,2.399591701845328346e-03,2.803526122041310846e-03,-3.195574857444922312e+00,-3.688385444872107066e-01,2.826736312957711661e+00,1.619600605288483166e+02
9.144869641255611026e-02,1.945948596556977940e-03,2.889193491754169472e-03,-3.057715937920733040e+00,-3.925842684258416537e-01,2.665131669494891664e+00,1.527007965087123011e+02
1.028797834641256292e-01,1.765816746044063029e-03,4.125386184120023898e-03,-2.944608064161857275e+00,-3.688582916169594883e-01,2.575749772544897898e+00,1.475795910486044136e+02
1.143108705156951344e-01,1.542135642918183568e-03,4.392363488020949863e-03,-2.816586367736774399e+00,-2.631243689958086551e-01,2.553461998740966354e+00,1.463025956748969065e+02
1.257419575672646395e-01,1.463069717345806238e-03,3.488769338080501600e-03,-2.249952587399587589e+00,4.613275394162439508e-02,2.296085341341211450e+00,1.315559994607064027e+02
1.371730446188341723e-01,2.257257834547420679e-03,3.319440377292459752e-03,-2.265869668502191292e+00,-2.253446100434759736e-01,2.040525058458715790e+00,1.169134738403699885e+02
1.486041316704036774e-01,2.565684971633622018e-03,4.583276063945976829e-03,-2.305319338311270005e+00,-3.743230503147566557e-01,1.930996287996513905e+00,1.106379375576286748e+02
1.600352187219731825e-01,2.758736541350755370e-03,4.073807885120975247e-03,-2.336079045573053570e+00,-1.242901761436705776e-01,2.211788869429383464e+00,1.267261673923155740e+02
1.714663057735427154e-01,2.960513350385287311e-03,3.739938291021730095e-03,-2.404835717404402384e+00,-3.417743138557576832e-01,2.063061403548644979e+00,1.182047112996733063e+02
1.828973928251122205e-01,2.918925305435707274e-03,4.454399223058171271e-03,-2.415620032552852070e+00,-2.877650827200930461e-01,2.127854949832759246e+00,1.219171080414386097e+02
1.943284798766817256e-01,2.881585467530453030e-03,3.795402685379038483e-03,-2.347850089716209787e+00,-2.039428619625762718e-01,2.143907227753634182e+00,1.228368358178757944e+02
2.057595669282512585e-01,2.990685160131967887e-03,4.523331243091034508e-03,-2.252139087110079707e+00,-4.263593914353939751e-01,1.825779695674685676e+00,1.046094708828393323e+02
2.171906539798207636e-01,3.321890111935094092e-03,4.099809865788501921e-03,-2.146659360427698005e+00,-1.022075753627532807e-01,2.044451785064945071e+00,1.171384587022086521e+02
2.286217410313902687e-01,4.277506689610623310e-03,5.169216237722668722e-03,-2.242720593029790876e+00,-3.775756868384807508e-01,1.865144906191310126e+00,1.068649313050859178e+02
2.400528280829598016e-01,4.210177921692980461e-03,4.303340555046830662e-03,-2.320944824520984273e+00,-2.908720326681455970e-01,2.030072791852839398e+00,1.163146030775077406e+02
2.514839151345292789e-01,4.225442588550535825e-03,4.988581069160930200e-03,-2.357867871872485477e+00,-3.821907014592077489e-01,1.975677170413278061e+00,1.131979635450295518e+02
2.629150021860988118e-01,4.238502178851747543e-03,4.181841594894234945e-03,-2.381449460493461956e+00,-3.749359817411273554e-01,2.006513478752334212e+00,1.149647538686215285e+02
2.743460892376683447e-01,3.925948816462257462e-03,4.899752692602600546e-03,-2.376004670172895850e+00,-3.935235899184624797e-01,1.982481080254433259e+00,1.135877988631152675e+02
2.857771762892378220e-01,4.060714910539447650e-03,4.866097128629357817e-03,-2.247842381019019786e+00,-4.347834590082519934e-01,1.813058922010767571e+00,1.038806242397556616e+02
2.972082633408073549e-01,4.559165768332889071e-03,4.910840128493649398e-03,-2.201913599395578736e+00,-4.325600079132785325e-01,1.769353591482300203e+00,1.013764932582502070e+02
3.086393503923768877e-01,5.043744541393813639e-03,5.329277769088192757e-03,-2.212874126744645675e+00,-4.438850256157883534e-01,1.768989101128856767e+00,1.013556094993246575e+02
3.200704374439463651e-01,5.649288078811820490e-03,5.880476584516637281e-03,-2.290759101047233681e+00,-4.647916332673108775e-01,1.825967467779922471e+00,1.046202294319796806e+02
3.315015244955158980e-01,4.994759975262008829e-03,5.584633118132418216e-03,-2.359007715292238849e+00,-4.966074941463566872e-01,1.862400221145882329e+00,1.067076724358902311e+02
3.429326115470854308e-01,5.033190319720266641e-03,5.567654681751658605e-03,-2.267298523573881841e+00,-5.224870226902312842e-01,1.744811500883650668e+00,9.997033504651989233e+01
3.543636985986549082e-01,5.360184755543413032e-03,5.908176021726027453e-03,-2.198166575394899347e+00,-4.810474136620675467e-01,1.717119161732831634e+00,9.838368088833306047e+01
3.657947856502244410e-01,5.910957771686758434e-03,6.094784791478401707e-03,-2.155794611480260414e+00,-4.321376997982340207e-01,1.723656911682026616e+00,9.875826636793379976e+01
3.772258727017939739e-01,6.754074273352324818e-03,7.029912111596609697e-03,-2.222202814526032633e+00,-5.485998760916624972e-01,1.673602938434369802e+00,9.589038495298234466e+01
3.886569597533634512e-01,6.838760001258764945e-03,6.861743641979784446e-03,-2.245567383084766888e+00,-5.727004214563874429e-01,1.672866961628379556e+00,9.584821658817958223e+01
4.000880468049329841e-01,7.012690758776141120e-03,7.173303677452583411e-03,-2.246997087355742106e+00,-5.697237275857723882e-01,1.677273359769969607e+00,9.610068460454698425e+01
4.115191338565025170e-01,7.196508371556871973e-03,7.684340661571472525e-03,-2.230429273427706249e+00,-5.305415070532806254e-01,1.699887766374425624e+00,9.739639465917508687e+01
4.229502209080719943e-01,7.623372839449745614e-03,8.320473279788140678e-03,-2.172970621405466485e+00,-5.320170868190289282e-01,1.640953534586437668e+00,9.401971190887763896e+01
4.343813079596415272e-01,8.529588410514984259e-03,9.059410750194538814e-03,-2.183419094404770888e+00,-6.114043139439063745e-01,1.572014780460864625e+00,9.006981225259221446e+01
4.458123950112110601e-01,9.209557883310065876e-03,9.351382725910762153e-03,-2.223872150593011021e+00,-7.110603352464140992e-01,1.512811815346597699e+00,8.667773221688446483e+01
4.572434820627805374e-01,9.711014366672928583e-03,9.452894345954282462e-03,-2.258857480622131320e+00,-7.222284880170928290e-01,1.536628992605039157e+00,8.804235595370812462e+01
4.686745691143500703e-01,9.950959903093858916e-03,9.479337517556437817e-03,-2.284735191043709257e+00,-7.400331967826023760e-01,1.544701994261107103e+00,8.850490487660295003e+01
4.801056561659196031e-01,1.053636970941425159e-02,1.027015936827797328e-02,-2.241066184957188234e+00,-6.890685050955321911e-01,1.551997679861655932e+00,8.892291687016876267e+01
4.915367432174890805e-01,1.175399077857576871e-02,1.161921259256889875e-02,-2.248836846329149264e+00,-7.288374569565574390e-01,1.519999389372591603e+00,8.708954987351177124e+01
5.029678302690585578e-01,1.278754963985251347e-02,1.249883197300077214e-02,-2.292755551468971031e+00,-8.063908412553093541e-01,1.486364710213661455e+00,8.516242471242844658e+01
5.143989173206281462e-01,1.373662188495015229e-02,1.305257408797699629e-02,-2.342825932996732252e+00,-8.625090986195746989e-01,1.480316834377157775e+00,8.481590695197763807e+01
5.258300043721976236e-01,1.416095226097481563e-02,1.353753456791873325e-02,-2.378888539113136691e+00,-9.118479374307898455e-01,1.467040601682346956e+00,8.405523485073138090e+01
5.372610914237671009e-01,1.525388935353673425e-02,1.418017752442275563e-02,-2.374836909023930964e+00,-9.237864323258841992e-01,1.451050476698046765e+00,8.313906817524429016e+01
5.486921784753366893e-01,1.683790100442251331e-02,1.590322358215164739e-02,-2.408915548115738492e+00,-9.763624592835399296e-01,1.432553088832198673e+00,8.207924591851468676e+01
5.601232655269061667e-01,1.838828258323350548e-02,1.699904879572001690e-02,-2.463844123880735815e+00,-1.014038438871758707e+00,1.449805685008977552e+00,8.306774686508765626e+01
5.715543525784756440e-01,1.965229031586098601e-02,1.854338196900984573e-02,-2.535080937419033287e+00,-1.084656242202605592e+00,1.450424695216427695e+00,8.310321353745007400e+01
5.829854396300452324e-01,2.081936018318688783e-02,1.988696680114543716e-02,-2.570516846136905453e+00,-1.126656000452907147e+00,1.443860845683998084e+00,8.272713266188293346e+01
5.944165266816147097e-01,2.269748109854943449e-02,2.168940074324126124e-02,-2.613215800303956726e+00,-1.190437924354469823e+00,1.422777875949487125e+00,8.151916747649340778e+01
6.058476137331841871e-01,2.485252584758515862e-02,2.380445439959392659e-02,-2.677531834586335702e+00,-1.273365832812304976e+00,1.404166001774030947e+00,8.045278563741123889e+01
6.172787007847537755e-01,2.697718662908529796e-02,2.592409552506266465e-02,-2.761887293111191966e+00,-1.366323569177481101e+00,1.395563723933711531e+00,7.995991142296202270e+01
6.287097878363232528e-01,2.836449282407869227e-02,2.728896153814514697e-02,-2.837323036491152362e+00,-1.455949046740752095e+00,1.381373989750400044e+00,7.914689954184575527e+01
6.401408748878927302e-01,3.069501669168636995e-02,2.957618517825743795e-02,-2.905305367439921849e+00,-1.529555541364201465e+00,1.375749826075720605e+00,7.882465869999583674e+01
6.515719619394623185e-01,3.343289998132787516e-02,3.269428243209254736e-02,-2.988978996072198857e+00,-1.635664502630721939e+00,1.353314493441476696e+00,7.753920882808154147e+01
6.630030489910317959e-01,3.631691061356621952e-02,3.549578319357392375e-02,-3.092574918339617618e+00,-1.745625191119883901e+00,1.346949727219733495e+00,7.717453458598822635e+01
6.744341360426012733e-01,3.858970798523311124e-02,3.762420163283301117e-02,-3.218126649652063964e+00,-1.882529649937606964e+00,1.335596999714457001e+00,7.652407121397379797e+01
6.858652230941708616e-01,4.072219252115372168e-02,4.018262618314136919e-02,-3.311880698256931765e+00,-1.982729957299130374e+00,1.329150740957801835e+00,7.615472779356821320e+01
6.972963101457403390e-01,4.369510424047780284e-02,4.369959777393327138e-02,-3.422381382676037198e+00,-2.112272041186094906e+00,1.310109341489942736e+00,7.506373596803723558e+01
7.087273971973098163e-01,4.687722827261135011e-02,4.743705915456037508e-02,-3.550403024536050278e+00,-2.261018648328618319e+00,1.289384376207431959e+00,7.387628292679420383e+01
7.201584842488794047e-01,4.984523009791424347e-02,5.057454348243592412e-02,-3.697786215570897816e+00,-2.415860859239979508e+00,1.281925356330918975e+00,7.344891256856581663e+01
7.315895713004488821e-01,5.176797805751015558e-02,5.333039719282577085e-02,-3.846420772374949060e+00,-2.580328626803537695e+00,1.266092145571412031e+00,7.254173641590494981e+01
7.430206583520183594e-01,5.416384763017081244e-02,5.642718263322724775e-02,-3.993795940047793369e+00,-2.753110834441949706e+00,1.240685105605843885e+00,7.108602025595769192e+01
7.544517454035879478e-01,5.670819598232143544e-02,5.959359785846882890e-02,-4.159025558934597910e+00,-2.931739610643362415e+00,1.227285948291236162e+00,7.031830509279882335e+01
7.658828324551574251e-01,5.883989753645529203e-02,6.247375945258237112e-02,-4.344031634328408664e+00,-3.135284587910234233e+00,1.208747046418173987e+00,6.925610425866517517e+01
7.773139195067269025e-01,5.933260683785803596e-02,6.397129021077957445e-02,-4.540847217569920602e+00,-3.351177975387985342e+00,1.189669242181934816e+00,6.816302659355187643e+01
7.887450065582964909e-01,6.022479696006102778e-02,6.600156998432012145e-02,-4.732859397314155281e+00,-3.559216627640908293e+00,1.173642769673246988e+00,6.724477735832161329e+01
8.001760936098659682e-01,6.089749470518780045e-02,6.771880864842323711e-02,-4.947442185192381103e+00,-3.791836044173017672e+00,1.155606141019362765e+00,6.621135465980933077e+01
8.116071806614354456e-01,6.087252223320940153e-02,6.920445682410711341e-02,-5.185703223453852928e+00,-4.050105082677764479e+00,1.135598140776089116e+00,6.506498068937301582e+01
8.230382677130050340e-01,5.955616861574008353e-02,6.931194253811970296e-02,-5.448014718864958361e+00,-4.331921117598163562e+00,1.116093601266795021e+00,6.394745289414430545e+01
8.344693547645745113e-01,5.745385658804358364e-02,6.841412057395494795e-02,-5.716125192021950241e+00,-4.622981314461183544e+00,1.093143877560766031e+00,6.263253058479750734e+01
8.459004418161439887e-01,5.538104274655942377e-02,6.795395888208898005e-02,-6.010674341527902698e+00,-4.934084663489150202e+00,1.076589678038753162e+00,6.168404481896868674e+01
8.573315288677135770e-01,5.296327121221289236e-02,6.740649253701126720e-02,-6.343471741887001691e+00,-5.284459868945964089e+00,1.059011872941038712e+00,6.067691077376611020e+01
8.687626159192830544e-01,5.010816893253195597e-02,6.624349628252167166e-02,-6.721049372488074880e+00,-5.663461579315440808e+00,1.057587793172633406e+00,6.059531701334651643e+01
8.801937029708525317e-01,4.654009756535498060e-02,6.369126969991055487e-02,-7.125110560040352148e+00,-6.071354798795518981e+00,1.053755761244832501e+00,6.037575775692414481e+01
8.916247900224221201e-01,4.474189318455643050e-02,6.358187757570875343e-02,-7.558483496276693359e+00,-6.490381488201737881e+00,1.068102008074955256e+00,6.119773715214310528e+01
9.030558770739915975e-01,4.435128238049959593e-02,6.466447497764674091e-02,-8.034939850173691056e+00,-6.945726816605144904e+00,1.089213033568546596e+00,6.240730981411897460e+01
9.144869641255610748e-01,4.533587068842086926e-02,6.628714404708563324e-02,-8.537642295369158418e+00,-7.423759400413366905e+00,1.113882894955791736e+00,6.382078875278088503e+01
9.259180511771306632e-01,4.666494509280563752e-02,6.785759219410474052e-02,-9.045130881591688876e+00,-7.919347328266207242e+00,1.125783553325480524e+00,6.450264625079108782e+01
9.373491382287001406e-01,4.929370085586767813e-02,7.091800385567413600e-02,-9.513678549214256819e+00,-8.388570497988329322e+00,1.125108051225926165e+00,6.446394283143439452e+01
9.487802252802696179e-01,5.260024720900749462e-02,7.497331409528608381e-02,-9.979902599033653843e+00,-8.868774237350375955e+00,1.111128361683277221e+00,6.366296562173744178e+01
9.602113123318392063e-01,5.549791519361019915e-02,7.857115380962488571e-02,-1.044749570101786951e+01,-9.363123055209992884e+00,1.084372645807877067e+00,6.212997602422584009e+01
9.716423993834086836e-01,5.681385471158439254e-02,8.048411131376795313e-02,-1.092479025033295770e+01,-9.867173264897402873e+00,1.057616985435554824e+00,6.059698960680634627e+01
9.830734864349781610e-01,5.627513687361985345e-02,8.062447979724346458e-02,-1.138851418414341410e+01,-1.036176269238574577e+01,1.026751491757668333e+00,5.882852708647573081e+01
9.945045734865477494e-01,5.527594149142219665e-02,8.107110442457289567e-02,-1.187810681614152664e+01,-1.088289512821704008e+01,9.952116879244869985e-01,5.702142944016389947e+01
1.005935660538117116e+00,5.316957562834433854e-02,8.095623502643919944e-02,-1.240872234098866933e+01,-1.143447362025304415e+01,9.742487207356252954e-01,5.582033989417089970e+01
1.017366747589686815e+00,5.024818049015052079e-02,7.987132818339007234e-02,-1.299355725003370310e+01,-1.203346959012618100e+01,9.600876599075217621e-01,5.500897087529253326e+01
1.028797834641256292e+00,4.672206261089848628e-02,7.783100324668844328e-02,-1.362030997481454975e+01,-1.265331253916111542e+01,9.669974356534341009e-01,5.540487186291517219e+01
1.040228921692825770e+00,4.580746503043059414e-02,7.834390080689070113e-02,-1.428142069757310040e+01,-1.329295547926597898e+01,9.884652183071204190e-01,5.663488520447555175e+01
1.051660008744395247e+00,4.716357663212010498e-02,8.108401143983402781e-02,-1.496898921029118590e+01,-1.395713440843790920e+01,1.011854801853276697e+00,5.797500962623894338e+01
1.063091095795964725e+00,5.012202535526693453e-02,8.475905327522169352e-02,-1.565335609462107769e+01,-1.463011401179163151e+01,1.023242082829445732e+00,5.862745276630303692e+01
1.074522182847534202e+00,5.276470876188454895e-02,8.715242698485982376e-02,-1.632072458177675500e+01,-1.530664599580693519e+01,1.014078585969820034e+00,5.810242307066511103e+01
1.085953269899103901e+00,5.468847687357531601e-02,8.969413723000776995e-02,-1.694427954675070325e+01,-1.595987554125976615e+01,9.844040054909376503e-01,5.640219485040384484e+01
1.097384356950673379e+00,5.564721877882532891e-02,9.159325777557830728e-02,-1.757644926510541694e+01,-1.663313982138653557e+01,9.433094437188825898e-01,5.404764989992543178e+01
1.108815444002242856e+00,5.467670223000830471e-02,9.252933252386491558e-02,-1.823739726993701282e+01,-1.733078918601026430e+01,9.066080839267484093e-01,5.194481688144500708e+01
1.120246531053812333e+00,5.190017915479849114e-02,9.149306286156168311e-02,-1.895030303740228561e+01,-1.806941557814014843e+01,8.808874592621382948e-01,5.047113364172275851e+01
1.131677618105381811e+00,4.814896119063900859e-02,8.902170039049045469e-02,-1.970540898901867166e+01,-1.882613224582719269e+01,8.792767431914786380e-01,5.037884640888006516e+01
1.143108705156951288e+00,4.693138708957393657e-02,9.002959572583431325e-02,-2.051152331034757026e+01,-1.960955250016178653e+01,9.019708101857841775e-01,5.167912066764091605e+01
1.154539792208520987e+00,4.839333874222415816e-02,9.280884788449193790e-02,-2.134670991056555067e+01,-2.041392707154862762e+01,9.327828390169218276e-01,5.344451987790051817e+01
1.165970879260090465e+00,5.156696390640104488e-02,9.698176753879814149e-02,-2.216864802043523497e+01,-2.123070619478571430e+01,9.379418256495215545e-01,5.374010803851288642e+01
1.177401966311659942e+00,5.373753249153433859e-02,9.867863411034176468e-02,-2.295704264180920973e+01,-2.203620059646507556e+01,9.208420453441366060e-01,5.276036279641340343e+01
1.188833053363229419e+00,5.484438428285285522e-02,1.002065739120406029e-01,-2.371829001602563025e+01,-2.283980862231384990e+01,8.784813937117789129e-01,5.033327624045534776e+01
1.200264140414798897e+00,5.396796393298779887e-02,1.007005593094684320e-01,-2.450253214044788308e+01,-2.366491126970542425e+01,8.376208707424587230e-01,4.799214072561593980e+01
1.211695227466368374e+00,5.128212344255910632e-02,9.979367970542124544e-02,-2.534373130759129467e+01,-2.453639792746268000e+01,8.073333801286157740e-01,4.625679534140064675e+01
1.223126314517938074e+00,4.811170035465418826e-02,9.816701574298769550e-02,-2.626306036094125673e+01,-2.545172595743908062e+01,8.113344035021764489e-01,4.648603709443887055e+01
1.234557401569507551e+00,4.732569514725605553e-02,9.901457376913645747e-02,-2.720436388182898213e+01,-2.636272251233274844e+01,8.416413694962362468e-01,4.822249833574500144e+01
1.245988488621077028e+00,4.997785792693741624e-02,1.032243430121388139e-01,-2.814845447676525936e+01,-2.728692852178250661e+01,8.615259549827528618e-01,4.936180116148949537e+01
1.257419575672646506e+00,5.353973541033459072e-02,1.075719490626748653e-01,-2.906166864274890216e+01,-2.821295144432300717e+01,8.487171984258969903e-01,4.862791346997113351e+01
1.268850662724215983e+00,5.518501178930974860e-02,1.098139094809932603e-01,-2.995847760311517760e+01,-2.915008585485949055e+01,8.083917482556866041e-01,4.631743536825297269e+01
1.280281749775785460e+00,5.321209708435874208e-02,1.081723953514228259e-01,-3.085746339159443963e+01,-3.009374565884796837e+01,7.637177327464691468e-01,4.375780282567282597e+01
1.291712836827355160e+00,5.020831145095513981e-02,1.068313830752068844e-01,-3.180582983995989110e+01,-3.106930881869988426e+01,7.365210212600077355e-01,4.219954604086362338e+01
1.303143923878924637e+00,4.821805924878764388e-02,1.074588652881895146e-01,-3.283788583281420159e+01,-3.208769204201636427e+01,7.501937907978359910e-01,4.298293802963621602e+01
1.314575010930494114e+00,4.925615517395331294e-02,1.103571192401552603e-01,-3.391467856061876063e+01,-3.313228832370522525e+01,7.823902369135313783e-01,4.482765850738593372e+01
1.326006097982063592e+00,5.168173168361262643e-02,1.125639510037416691e-01,-3.496432510358220469e+01,-3.417604982228083088e+01,7.882752813013701454e-01,4.516484671305624943e+01
1.337437185033633069e+00,5.395163445136033631e-02,1.148748486829738735e-01,-3.594754189941867395e+01,-3.519226066912423079e+01,7.552812302944448275e-01,4.327442684132006434e+01
1.348868272085202547e+00,5.379197201146760504e-02,1.158758768637862258e-01,-3.693821603387045371e+01,-3.623312556376176730e+01,7.050904701086871951e-01,4.039870811212290391e+01
1.360299359136772246e+00,5.117022124179679970e-02,1.152962689621615106e-01,-3.798829070236156724e+01,-3.731815029516369009e+01,6.701404071978754873e-01,3.839621701361667760e+01
1.371730446188341723e+00,4.844370373557230908e-02,1.143611476746544675e-01,-3.913009515714678344e+01,-3.844919184515804744e+01,6.809033119887318852e-01,3.901288603343388672e+01
1.383161533239911201e+00,4.878336237156275651e-02,1.156239777656684203e-01,-4.028521842194401614e+01,-3.957161749047822497e+01,7.136009314657900671e-01,4.088632162959407879e+01
1.394592620291480678e+00,5.219494721573107038e-02,1.202051034472951946e-01,-4.140923884524416110e+01,-4.069299676588126147e+01,7.162420793629041826e-01,4.103764825716856990e+01
1.406023707343050155e+00,5.446964182817506939e-02,1.230847786061652210e-01,-4.249764973242935184e+01,-4.182157244211865788e+01,6.760772903106903042e-01,3.873637535944345700e+01
1.417454794394619633e+00,5.320505661659332558e-02,1.228185490234329907e-01,-4.360687104918899593e+01,-4.297900861797144501e+01,6.278624312175470346e-01,3.597386742358838774e+01
1.428885881446189332e+00,4.927526043761870644e-02,1.194248552764681226e-01,-4.477786130490039795e+01,-4.416856036165498267e+01,6.093009432454136176e-01,3.491037250130230518e+01
1.440316968497758809e+00,4.833476719702388402e-02,1.208917387380149672e-01,-4.601593462654305000e+01,-4.537994670544571107e+01,6.359879210973387043e-01,3.643942370017671806e+01
1.451748055549328287e+00,5.125033313197095708e-02,1.252986764594012092e-01,-4.725484543171868523e+01,-4.659988957610958948e+01,6.549558556090925299e-01,3.752620629378074568e+01
1.463179142600897764e+00,5.427447514402125583e-02,1.288767030955782766e-01,-4.844633202845728448e+01,-4.782087283336824868e+01,6.254591950890374674e-01,3.583617213625143449e+01
1.474610229652467241e+00,5.324128855776616431e-02,1.275934753799979060e-01,-4.963225718344624227e+01,-4.906029394114140274e+01,5.719632423048366388e-01,3.277107982068559977e+01
1.486041316704036719e+00,4.986293954979193616e-02,1.255998479787643340e-01,-5.086061174482461666e+01,-5.031743836264358549e+01,5.431733821810352802e-01,3.112154234281979370e+01
1.497472403755606196e+00,4.866620074964987663e-02,1.269511537756699282e-01,-5.217983945909616494e+01,-5.161153740470459184e+01,5.683020543915731082e-01,3.256130920525129113e+01
1.508903490807175896e+00,5.138429103698875094e-02,1.313060160258886777e-01,-5.350966431751204055e+01,-5.291905412068943093e+01,5.906101968226157295e-01,3.383947161532674386e+01
1.520334577858745373e+00,5.407515222560102530e-02,1.339909311585422147e-01,-5.479003526873297147e+01,-5.422846216868992286e+01,5.615731000430476128e-01,3.217576852054457959e+01
1.531765664910314850e+00,5.261258993433678977e-02,1.316095807731174072e-01,-5.604305631724449199e+01,-5.553679934748215175e+01,5.062569697623460208e-01,2.900638771646455893e+01
1.543196751961884328e+00,4.963405746393435153e-02,1.306558450319360021e-01,-5.736669295393988932e+01,-5.688109281547966845e+01,4.856001384602191551e-01,2.782283846473896460e+01
1.554627839013453805e+00,4.928466760321500301e-02,1.331673413962745911e-01,-5.877918979159711910e+01,-5.826208756657317878e+01,5.171022250239345475e-01,2.962777507069563399e+01
1.566058926065023282e+00,5.244477117003799177e-02,1.371913367910204962e-01,-6.017835593106944714e+01,-5.965110779341978997e+01,5.272481376496587213e-01,3.020909304345812529e+01
1.577490013116592982e+00,5.354795677267908116e-02,1.366963996978757534e-01,-6.151577392897824126e+01,-6.103216938301401484e+01,4.836045459642305255e-01,2.770849943709083618e+01
1.588921100168162459e+00,5.143759129901900873e-02,1.352633870774432034e-01,-6.286043872890772377e+01,-6.242641577776596762e+01,4.340229511417610375e-01,2.486768331223564132e+01
1.600352187219731936e+00,4.914027503230919414e-02,1.360402533144356996e-01,-6.430457045842528885e+01,-6.386898288267611434e+01,4.355875757491765032e-01,2.495732969876286234e+01
1.611783274271301414e+00,5.074346014927481191e-02,1.396500084931716346e-01,-6.579867388594837507e+01,-6.532967601778672417e+01,4.689978681616457923e-01,2.687159844629530880e+01
1.623214361322870891e+00,5.328913314047302452e-02,1.410800849127203938e-01,-6.724079549955470725e+01,-6.679160260543409322e+01,4.491928941206101422e-01,2.573685702037781198e+01
1.634645448374440369e+00,5.244564349041032358e-02,1.396870906890801678e-01,-6.863650793926267113e+01,-6.824464172842307619e+01,3.918662108395925547e-01,2.245228001489232383e+01
1.646076535426010068e+00,4.968852054899029064e-02,1.393596470790363084e-01,-7.011368038193093355e+01,-6.974001253348369289e+01,3.736678484472295558e-01,2.140959065576032572e+01
1.657507622477579545e+00,4.994928205871826399e-02,1.419935639604884003e-01,-7.167569231718638889e+01,-7.126940096346827147e+01,4.062913537181221946e-01,2.327877982070526741e+01
1.668938709529149023e+00,5.305557593974852271e-02,1.449791498824863911e-01,-7.320639428254182235e+01,-7.280267124894487552e+01,4.037230335969502759e-01,2.313162591732358919e+01
1.680369796580718500e+00,5.265938860348643585e-02,1.426141433877843867e-01,-7.467902453138590602e+01,-7.433261958141676473e+01,3.464049499691491674e-01,1.984754163567268392e+01
1.691800883632287977e+00,5.012219311958969470e-02,1.424102287278830314e-01,-7.620370850607935154e+01,-7.588782156434838555e+01,3.158869417309662642e-01,1.809898856447932758e+01
1.703231970683857455e+00,4.988877659696013683e-02,1.451274965865708977e-01,-7.782045078393430515e+01,-7.747554528270710250e+01,3.449055012271970977e-01,1.976162955116262765e+01
1.714663057735427154e+00,5.287247930304666416e-02,1.478292076361201746e-01,-7.941783459905421694e+01,-7.906941800167199119e+01,3.484165973822347939e-01,1.996280054231090162e+01
1.726094144786996631e+00,5.273858418575889939e-02,1.460644831380774056e-01,-8.097131297541569950e+01,-8.067815571184382861e+01,2.931572635718757702e-01,1.679667393627275374e+01
1.737525231838566109e+00,5.011570663621416066e-02,1.454901772730162746e-01,-8.256341393333724454e+01,-8.229787712369113706e+01,2.655368096461003802e-01,1.521413849809027852e+01
1.748956318890135586e+00,5.015597010346845713e-02,1.479151485699484181e-01,-8.423733131415183095e+01,-8.394049296713829733e+01,2.968383470135310676e-01,1.700758448151509583e+01
1.760387405941705063e+00,5.284294149775392579e-02,1.493811401545098727e-01,-8.588689307156838026e+01,-8.559532595889591278e+01,2.915671126724739826e-01,1.670556500094809849e+01
1.771818492993274541e+00,5.232597142714435351e-02,1.475014437558446467e-01,-8.751912263360544841e+01,-8.728771060787241254e+01,2.314120257330384289e-01,1.325893240307590304e+01
1.783249580044844240e+00,4.957913221052195202e-02,1.471677019170951062e-01,-8.919780469313138838e+01,-8.898170797598437787e+01,2.160967171469988235e-01,1.238142985915536087e+01
1.794680667096413718e+00,5.088579539560772469e-02,1.509866263385969132e-01,-9.092718521238568030e+01,-9.067937886407381143e+01,2.478063483118677079e-01,1.419825789481885181e+01
1.806111754147983195e+00,5.313673215859206211e-02,1.513917444654635514e-01,-9.261250845586852165e+01,-9.238767145705215000e+01,2.248369988163839706e-01,1.288221111056668633e+01
1.817542841199552672e+00,5.156423643852858785e-02,1.494718627970285374e-01,-9.431856492489795585e+01,-9.414963219814896433e+01,1.689327267490038087e-01,9.679132264354706194e+00
1.828973928251122150e+00,4.947825445137709471e-02,1.496280051665695443e-01,-9.610366479073283585e+01,-9.592469271791046026e+01,1.789720728223821999e-01,1.025434442343052410e+01
1.840405015302691627e+00,5.207704840148814907e-02,1.528460108813882168e-01,-9.787252638894345580e+01,-9.767340975735656627e+01,1.991166315868889147e-01,1.140854262079002979e+01
1.851836102354261326e+00,5.288240306151878456e-02,1.513632197775371113e-01,-9.959552171178845015e+01,-9.944511144442985540e+01,1.504102673585958061e-01,8.617873515081868163e+00
1.863267189405830804e+00,5.023734153184539891e-02,1.504603353426022805e-01,-1.013958680159245205e+02,-1.012798111732341653e+02,1.160568426903531708e-01,6.649567269770955136e+00
1.874698276457400281e+00,5.046128399417915134e-02,1.527671814709847808e-01,-1.032775666366925407e+02,-1.031271717179050995e+02,1.503949187874462634e-01,8.616994106733443459e+00
1.886129363508969758e+00,5.312281703292213303e-02,1.537750497228304036e-01,-1.050640263408635491e+02,-1.049290428846156544e+02,1.349834562478886002e-01,7.733982347092819509e+00
1.897560450560539236e+00,5.155390884805945845e-02,1.512697882625932688e-01,-1.068495921169228922e+02,-1.067740489405818778e+02,7.554317634102077073e-02,4.328305175353023060e+00
1.908991537612108713e+00,4.962134806572549017e-02,1.521909258334036841e-01,-1.087593522433275837e+02,-1.086716288217501898e+02,8.772342157738563517e-02,5.026181820831055802e+00
1.920422624663678413e+00,5.235972819181010374e-02,1.544165982517126667e-01,-1.106777391944887938e+02,-1.105729136966420185e+02,1.048254978467638432e-01,6.006058611977266537e+00
1.931853711715247890e+00,5.232929489758367247e-02,1.521683687548030239e-01,-1.125082402478042098e+02,-1.124605961073610558e+02,4.764414044314886632e-02,2.729808165920985630e+00
1.943284798766817367e+00,4.997053854410740681e-02,1.527181364189887924e-01,-1.144098386821002862e+02,-1.143789823802483596e+02,3.085630185192513031e-02,1.767935867497016034e+00
1.954715885818386845e+00,5.130319900729470722e-02,1.547272501874763506e-01,-1.163780874567292045e+02,-1.163093878020778362e+02,6.869965465135875748e-02,3.936200265529151920e+00
1.966146972869956322e+00,5.292322322998446738e-02,1.534783976542898332e-01,-1.182971224253757470e+02,-1.182707577076866414e+02,2.636471768911486172e-02,1.510587051640186473e+00
1.977578059921525799e+00,5.003433086744807357e-02,1.509431245354430351e-01,-1.202507171568978208e+02,-1.202641265316397607e+02,-1.340937474194317872e-02,-7.683005786226715372e-01
1.989009146973095499e+00,5.083639070251459724e-02,1.546908718550904505e-01,-1.222538846425755423e+02,-1.222319754133065146e+02,2.190922926902317755e-02,1.255306369499521679e+00
2.000440234024664754e+00,5.294899328304222136e-02,1.537498531549854885e-01,-1.242078427025625871e+02,-1.242103849771331312e+02,-2.542274570550929168e-03,-1.456616032560020813e-01
2.011871321076234231e+00,5.071173966668978544e-02,1.515610730846415899e-01,-1.262000884254333926e+02,-1.262560029776837212e+02,-5.591455225032714721e-02,-3.203667857307465283e+00
2.023302408127804153e+00,5.032915626583254337e-02,1.539732322965313427e-01,-1.282961552227412199e+02,-1.283174801178871860e+02,-2.132489514596605171e-02,-1.221826490422870393e+00
2.034733495179373630e+00,5.280664810299404849e-02,1.537210199764564855e-01,-1.302998655265323293e+02,-1.303338712418550642e+02,-3.400571532275271924e-02,-1.948383967317084853e+00
2.046164582230943108e+00,5.106772355580516815e-02,1.513368416752372825e-01,-1.323070369984942261e+02,-1.323967328389551312e+02,-8.969584046090092744e-02,-5.139193098288387773e+00
2.057595669282512585e+00,5.021422394786308890e-02,1.535719027339299547e-01,-1.344341300616376316e+02,-1.344978470898305716e+02,-6.371702819293571796e-02,-3.650716798571295385e+00
2.069026756334082062e+00,5.279165227349522788e-02,1.539947358101271813e-01,-1.365333781834482068e+02,-1.366029276658623814e+02,-6.954948241416465671e-02,-3.984891809650974892e+00
2.080457843385651540e+00,5.082852236031794313e-02,1.507184587000930109e-01,-1.386002837195427446e+02,-1.387271002532571060e+02,-1.268165337143775662e-01,-7.266052154312347966e+00
2.091888930437221017e+00,5.054488547107554436e-02,1.535493158635201083e-01,-1.407490316032510691e+02,-1.408479556667178656e+02,-9.892406346679342988e-02,-5.667931328931558710e+00
2.103320017488790494e+00,5.266763457753534383e-02,1.527538124508194817e-01,-1.428692531847819680e+02,-1.429787028161111380e+02,-1.094496313291608014e-01,-6.271001944423744590e+00
2.114751104540359972e+00,5.084676536598077556e-02,1.504279589096060576e-01,-1.450135022234458972e+02,-1.451750287406895552e+02,-1.615265172436679275e-01,-9.254787717509287859e+00
2.126182191591929449e+00,5.060575058566522955e-02,1.526093154303398702e-01,-1.472442891984388211e+02,-1.473782738924977593e+02,-1.339846940589533297e-01,-7.676757488929581541e+00
2.137613278643498926e+00,5.281087708853297868e-02,1.524105629188618194e-01,-1.493850910092447180e+02,-1.495361421281331786e+02,-1.510511188884661737e-01,-8.654591603037943059e+00
2.149044365695068404e+00,5.045383837246388004e-02,1.498542522579084380e-01,-1.515604558082352469e+02,-1.517564571665610629e+02,-1.960013583258211345e-01,-1.123005061090088930e+01
2.160475452746638325e+00,5.106047881310380593e-02,1.517900168048001985e-01,-1.538394214728294287e+02,-1.540001647108348664e+02,-1.607432380054416854e-01,-9.209909122978700680e+00
2.171906539798207803e+00,5.255817494971967013e-02,1.499768651422943855e-01,-1.560580009495801619e+02,-1.562559572126162664e+02,-1.979562630360889863e-01,-1.134205840014948308e+01
2.183337626849777280e+00,5.005299655373982026e-02,1.491025006875597025e-01,-1.582975567727630448e+02,-1.585204259824525650e+02,-2.228692096895157349e-01,-1.276946509862540324e+01
2.194768713901346757e+00,5.170836251826649993e-02,1.513107666567762577e-01,-1.605894921660860746e+02,-1.607799630750244546e+02,-1.904709089383855858e-01,-1.091317920219012194e+01
2.206199800952916235e+00,5.205009515729862313e-02,1.480057416904879686e-01,-1.628326407066923878e+02,-1.630742101007374174e+02,-2.415693940450257537e-01,-1.384090673831269669e+01
2.217630888004485712e+00,5.006131902502088810e-02,1.492737751931060564e-01,-1.651817048154333918e+02,-1.654249145772657812e+02,-2.432097618324085275e-01,-1.393489288937894344e+01
2.229061975056055189e+00,5.211328861399186496e-02,1.487093044083746818e-01,-1.675147871698395079e+02,-1.677395805345503845e+02,-2.247933647108840416e-01,-1.287971106047871217e+01
2.240493062107624667e+00,5.141933264382905766e-02,1.470764871040624866e-01,-1.697865746719626259e+02,-1.700710169800064193e+02,-2.844423080437807339e-01,-1.629734376586870326e+01
2.251924149159194144e+00,5.037139734125700707e-02,1.486281679046564386e-01,-1.721775453136474994e+02,-1.724350651456856838e+02,-2.575198320381925088e-01,-1.475479951670627088e+01
2.263355236210763621e+00,5.263813844232904937e-02,1.474243893694823226e-01,-1.745436869623216012e+02,-1.748132795793106311e+02,-2.695926169890390800e-01,-1.544651914135883430e+01
2.274786323262333099e+00,5.032095523157160272e-02,1.457117810527997492e-01,-1.769268165291944683e+02,-1.772395585730775736e+02,-3.127420438830926241e-01,-1.791879919079639194e+01
2.286217410313902576e+00,5.147730091768937949e-02,1.475786625734235302e-01,-1.793485112226309752e+02,-1.796234916745146677e+02,-2.749804518836826417e-01,-1.575521934153522352e+01
2.297648497365472053e+00,5.203998094506674665e-02,1.450441776740359345e-01,-1.817132724153775030e+02,-1.820374036817252374e+02,-3.241312663477271538e-01,-1.857135356995553366e+01
2.309079584417041975e+00,5.009525326042574278e-02,1.456729021562924997e-01,-1.841803284845217092e+02,-1.845038162062206482e+02,-3.234877216989474058e-01,-1.853448117765222491e+01
2.320510671468611452e+00,5.237841235274746932e-02,1.454311658086687165e-01,-1.866570601197992119e+02,-1.869659277001725286e+02,-3.088675803733187397e-01,-1.769680878380890476e+01
2.331941758520180930e+00,5.065481041135566631e-02,1.429460507993902674e-01,-1.890850348986019469e+02,-1.894488723704142217e+02,-3.638374718122700524e-01,-2.084635156355312802e+01
2.343372845571750407e+00,5.117687478739534057e-02,1.456219534233385571e-01,-1.915914919922652189e+02,-1.919216355061225840e+02,-3.301435138573420303e-01,-1.891582997764450624e+01
2.354803932623319884e+00,5.203755607322001903e-02,1.421658196165394850e-01,-1.940551664607783096e+02,-1.944240079193839676e+02,-3.688414586056550371e-01,-2.113305888755328965e+01
2.366235019674889362e+00,5.021991231352773699e-02,1.434265337872128454e-01,-1.966097672004513299e+02,-1.969839020902539914e+02,-3.741348898026410907e-01,-2.143635015428347401e+01
2.377666106726458839e+00,5.202946622605317262e-02,1.423729299991706443e-01,-1.991540698766049502e+02,-1.995115817116981987e+02,-3.575118350932599554e-01,-2.048391927682087044e+01
2.389097193778028316e+00,5.086957542326674131e-02,1.405826040394186072e-01,-2.016538132668958667e+02,-2.020658119286037504e+02,-4.119986617079070546e-01,-2.360578448090123516e+01
2.400528280829597794e+00,5.112284835338256478e-02,1.425170695146189270e-01,-2.042529307835970371e+02,-2.046285483467460722e+02,-3.756175631490483724e-01,-2.152130107942915060e+01
2.411959367881167271e+00,5.195025731567971816e-02,1.395223584683017992e-01,-2.068116477849345074e+02,-2.072266766077449063e+02,-4.150288228104107024e-01,-2.377939992331940289e+01
2.423390454932736748e+00,5.024389886801216426e-02,1.403914477574056685e-01,-2.094511644845257479e+02,-2.098672614509748371e+02,-4.160969664490820619e-01,-2.384060004572901903e+01
2.434821541984306226e+00,5.224487575615944374e-02,1.394444089050466129e-01,-2.120434406928673354e+02,-2.124532120184454982e+02,-4.097713255781386676e-01,-2.347816752110850302e+01
2.446252629035876147e+00,5.050184075430448616e-02,1.382098428570772419e-01,-2.146464133327714023e+02,-2.150997264467961543e+02,-4.533131140247398938e-01,-2.597292823155024166e+01
2.457683716087445625e+00,5.161850944737149394e-02,1.392704778580812486e-01,-2.173305121072553732e+02,-2.177488024656795176e+02,-4.182903584241505213e-01,-2.396627214871830347e+01
2.469114803139015102e+00,5.137252247754767187e-02,1.364324699386092188e-01,-2.199797498402645317e+02,-2.204487540200885860e+02,-4.690041798240479065e-01,-2.687196007791266084e+01
2.480545890190584579e+00,5.069105455332875709e-02,1.380107242077887597e-01,-2.226902298409585228e+02,-2.231339352441632684e+02,-4.437054032047494379e-01,-2.542244695078261429e+01
2.491976977242154057e+00,5.215992288350276146e-02,1.358866289537631888e-01,-2.253405373119198600e+02,-2.258088679184920977e+02,-4.683306065722286360e-01,-2.683336717339051347e+01
2.503408064293723534e+00,5.020907152999865009e-02,1.362916844726845544e-01,-2.280669267327475893e+02,-2.285467646141825355e+02,-4.798378814349361088e-01,-2.749268545672063624e+01
2.514839151345293011e+00,5.223784661911177324e-02,1.360518259660614959e-01,-2.308171303441506552e+02,-2.312877030846936179e+02,-4.705727405429608878e-01,-2.696183198701638162e+01
2.526270238396862489e+00,5.038605334692869420e-02,1.344808583932351198e-01,-2.335566027105609237e+02,-2.340647921200757366e+02,-5.081894095148199453e-01,-2.911710835844462508e+01
2.537701325448431966e+00,5.180235973671324518e-02,1.352741089968213517e-01,-2.363249540724723374e+02,-2.368013817087902737e+02,-4.764276363179478224e-01,-2.729729280441210904e+01
2.549132412500001443e+00,5.103659991416518993e-02,1.328607498268155884e-01,-2.390628699800882373e+02,-2.395923024468003177e+02,-5.294324667120879901e-01,-3.033424587980309184e+01
2.560563499551570921e+00,5.112277549545685140e-02,1.344742407974003351e-01,-2.419058857528501392e+02,-2.424009647927870787e+02,-4.950790399369530692e-01,-2.836593951377614076e+01
2.571994586603140398e+00,5.158604889610418631e-02,1.315259427434429529e-01,-2.447034346474076472e+02,-2.452414195373861219e+02,-5.379848899784672733e-01,-3.082426363757610943e+01
2.583425673654710319e+00,5.051544817308170621e-02,1.330611865204915645e-01,-2.475451832476259995e+02,-2.480658921067844460e+02,-5.207088591584451143e-01,-2.983441998485091062e+01
2.594856760706279797e+00,5.206290800807329699e-02,1.305577693406712037e-01,-2.503557258630667661e+02,-2.508946309357468465e+02,-5.389050726800768132e-01,-3.087698622275928528e+01
2.606287847757849274e+00,5.030157903472486092e-02,1.314805563433115720e-01,-2.532308541432282141e+02,-2.537788738130857098e+02,-5.480196698574935077e-01,-3.139921417298711503e+01
2.617718934809418752e+00,5.208329572589473488e-02,1.295479645943586611e-01,-2.561285305208512568e+02,-2.566679732117191293e+02,-5.394426908678749966e-01,-3.090778947590959547e+01
2.629150021860988229e+00,5.025661555052587937e-02,1.291389708150831594e-01,-2.590165237999948431e+02,-2.595902243565458889e+02,-5.737005565510069349e-01,-3.287062059467911013e+01
2.640581108912557706e+00,5.200215533713929694e-02,1.291745173020105997e-01,-2.619189157351082713e+02,-2.624677371569356410e+02,-5.488214218274028999e-01,-3.144515117707922514e+01
2.652012195964127184e+00,5.054293522206358691e-02,1.278612022024681327e-01,-2.648238317400545156e+02,-2.654162477124900192e+02,-5.924159724354727263e-01,-3.394293493669110262e+01
2.663443283015696661e+00,5.171577161390386590e-02,1.280676031069839793e-01,-2.678068566133169952e+02,-2.683628468278481023e+02,-5.559902145310953170e-01,-3.185589274320497566e+01
2.674874370067266138e+00,5.072494234439190591e-02,1.261344209805071448e-01,-2.707560485364598435e+02,-2.713671139423962018e+02,-6.110654059363274104e-01,-3.501146876659996110e+01
2.686305457118835616e+00,5.147997458063901383e-02,1.277086841086754188e-01,-2.737383064682790632e+02,-2.743098327939157457e+02,-5.715263256367115741e-01,-3.274604633960311162e+01
2.697736544170405093e+00,5.103724088903405925e-02,1.247214302429251187e-01,-2.766921186774512762e+02,-2.773135132546849491e+02,-6.213945772336789686e-01,-3.560328668780587691e+01
2.709167631221974570e+00,5.124072579643153963e-02,1.267050066568707611e-01,-2.797395779944505421e+02,-2.803234499031752307e+02,-5.838719087246955208e-01,-3.345339614617267898e+01
2.720598718273544492e+00,5.121128785657485388e-02,1.234586439482466130e-01,-2.827568947180649843e+02,-2.833901467396491967e+02,-6.332520215842004641e-01,-3.628266820490199507e+01
2.732029805325113969e+00,5.101893558451838645e-02,1.257373552211439316e-01,-2.858168713924068243e+02,-2.864197541107311054e+02,-6.028827183243012922e-01,-3.454263530135688143e+01
2.743460892376683447e+00,5.141247407537288816e-02,1.226115984181652685e-01,-2.888301688520536459e+02,-2.894722315552905343e+02,-6.420627032369337073e-01,-3.678748307823695995e+01
2.754891979428252924e+00,5.091170200706707921e-02,1.246940758422829393e-01,-2.919346192239899551e+02,-2.925501619918310325e+02,-6.155427678411272696e-01,-3.526800270709765073e+01
2.766323066479822401e+00,5.141600583132192870e-02,1.210217542503707472e-01,-2.950187113395865595e+02,-2.956735565934798728e+02,-6.548452538933187128e-01,-3.751986928226000373e+01
2.777754153531391879e+00,5.078833548261872666e-02,1.234610667266305278e-01,-2.981601248845394707e+02,-2.987903411831240419e+02,-6.302162985846206933e-01,-3.610873408925527883e+01
2.789185240582961356e+00,5.154365552108831905e-02,1.201900207836156531e-01,-3.012328213816647917e+02,-3.018958215404312568e+02,-6.630001587664905438e-01,-3.798711091382341465e+01
2.800616327634530833e+00,5.083026038292609572e-02,1.225392282294330698e-01,-2.981135051976129944e+02,-2.987583600878887751e+02,-6.448548902758028945e-01,-3.694746361117529432e+01
2.812047414686100311e+00,5.151627716130233181e-02,1.191347173903072876e-01,-2.949735853146154341e+02,-2.956481390675747321e+02,-6.745537529592983139e-01,-3.864908309927815822e+01
2.823478501737669788e+00,5.081106930678992023e-02,1.209364289357042349e-01,-2.919086685669104781e+02,-2.925664629237879240e+02,-6.577943568774834437e-01,-3.768884043660207794e+01
2.834909588789239265e+00,5.142288638555647662e-02,1.179200634905966383e-01,-2.887685958962330233e+02,-2.894522623755649420e+02,-6.836664793319378042e-01,-3.917120386028796020e+01
2.846340675840808743e+00,5.094973496596972434e-02,1.193034559372485037e-01,-2.857086422071900529e+02,-2.863740732259583979e+02,-6.654310187683902811e-01,-3.812638893251943273e+01
2.857771762892378664e+00,5.132960586336630937e-02,1.173617882746934293e-01,-2.826254238580859237e+02,-2.833272225126136732e+02,-7.017986545277133947e-01,-4.021010097239769721e+01
2.869202849943948141e+00,5.101227821553733915e-02,1.181911439341763875e-01,-2.796334775827911017e+02,-2.803031065220470737e+02,-6.696289392559718889e-01,-3.836691205918936021e+01
2.880633936995517619e+00,5.118726959085680150e-02,1.155865817752455837e-01,-2.765706023038221133e+02,-2.772891734845384804e+02,-7.185711807163859266e-01,-4.117109593478127749e+01
2.892065024047087096e+00,5.119740704713379720e-02,1.172539209936232230e-01,-2.735664948219027224e+02,-2.742480039343727185e+02,-6.815091124699460545e-01,-3.904759584423445062e+01
2.903496111098656574e+00,5.103405565410697176e-02,1.149076121944643397e-01,-2.705464750230819959e+02,-2.712747207723335237e+02,-7.282457492515066466e-01,-4.172540788045375848e+01
2.914927198150226051e+00,5.137210815494529237e-02,1.157574673130225135e-01,-2.676104949376348827e+02,-2.683021012603501276e+02,-6.916063227152552395e-01,-3.962612337614692137e+01
2.926358285201795528e+00,5.076811638953319938e-02,1.141956958006751233e-01,-2.646383139137642502e+02,-2.653785985930176139e+02,-7.402846792533724907e-01,-4.241518775941409558e+01
2.937789372253365006e+00,5.158416900561779012e-02,1.145758545763519431e-01,-2.616858540527445598e+02,-2.623903561568894247e+02,-7.045021041448717991e-01,-4.036499722558713188e+01
2.949220459304934483e+00,5.064347344434330656e-02,1.140845738999981956e-01,-2.587377938419061252e+02,-2.594836860678425978e+02,-7.458922259364568763e-01,-4.273647651777741885e+01
2.960651546356503960e+00,5.170173139513808275e-02,1.127984985264519208e-01,-2.558444455411392937e+02,-2.565635326636203786e+02,-7.190871224810722051e-01,-4.120065722037233513e+01
2.972082633408073438e+00,5.044834840167045087e-02,1.135019944650818569e-01,-2.529667311918645112e+02,-2.537167197985828011e+02,-7.499886067182760518e-01,-4.297118184785415451e+01
2.983513720459642915e+00,5.170968409825355688e-02,1.112068302353816235e-01,-2.500685993826287472e+02,-2.508016106024344651e+02,-7.330112198057040507e-01,-4.199844923060314272e+01
2.994944807511212392e+00,5.059441867983861807e-02,1.128825581040109466e-01,-2.471970134683836022e+02,-2.479488581134488072e+02,-7.518446450652092050e-01,-4.307752501174786630e+01
